full_name,abbreviated_name,team,current_price,total_change,change_percentage,last_change,expected_price,expected_change,expected_price_2,expected_change_2,expected_price_3,expected_change_3,scraped_date,player_id
Tristan Xerri,T Xerri,North Melbourne,729900.0,84000.0,-2.0,-1300.0,728100.0,-1800.0,735100.0,7000.0,740300.0,5200.0,2025-06-14,1694
Max Gawn,M Gawn,Melbourne,696900.0,28000.0,-38.0,-10500.0,685200.0,-11700.0,685200.0,0.0,683600.0,-1600.0,2025-06-14,412
Bailey Smith,B Smith,Geelong Cats,635700.0,246500.0,0.0,0.0,642500.0,6800.0,653400.0,10900.0,653400.0,0.0,2025-06-14,1913
Marcus Bontempelli,M Bontempelli,Western Bulldogs,629100.0,-51900.0,27.0,-14200.0,614300.0,-14800.0,610400.0,-3900.0,612400.0,2000.0,2025-06-14,857
Adam Treloar,A Treloar,Western Bulldogs,628200.0,0.0,,0.0,580000.0,-48200.0,547900.0,-32100.0,534400.0,-13500.0,2025-06-14,492
Luke Jackson,L Jackson,Fremantle,619000.0,109700.0,0.0,0.0,630700.0,11700.0,626100.0,-4600.0,617800.0,-8300.0,2025-06-14,3728
Nicholas Martin,N Martin,Essendon,613600.0,47600.0,51.0,24300.0,622700.0,9100.0,636000.0,13300.0,636000.0,0.0,2025-06-14,6178
Brodie Grundy,B Grundy,Sydney Swans,611700.0,37300.0,102.0,38100.0,611700.0,0.0,648700.0,37000.0,663200.0,14500.0,2025-06-14,113
Hugh Mc Cluggage,H Mc Cluggage,Brisbane Lions,608100.0,79600.0,12.0,9600.0,609300.0,1200.0,589400.0,-19900.0,589400.0,0.0,2025-06-14,1301
Ed Richards,E Richards,Western Bulldogs,603300.0,72300.0,1.0,400.0,613400.0,10100.0,615900.0,2500.0,631000.0,15100.0,2025-06-14,1722
Andrew Brayshaw,A Brayshaw,Fremantle,599200.0,7400.0,0.0,0.0,591300.0,-7900.0,594800.0,3500.0,601700.0,6900.0,2025-06-14,1684
Jack Sinclair,J Sinclair,St Kilda,593000.0,800.0,0.0,0.0,600900.0,7900.0,594300.0,-6600.0,592100.0,-2200.0,2025-06-14,1072
Thomas Liberatore,T Liberatore,Western Bulldogs,591400.0,29700.0,-13.0,-3800.0,574900.0,-16500.0,559200.0,-15700.0,563500.0,4300.0,2025-06-14,848
Noah Anderson,N Anderson,Gold Coast SUNS,586700.0,11800.0,-64.0,-7500.0,586700.0,0.0,570100.0,-16600.0,554300.0,-15800.0,2025-06-14,2783
Jordan Dawson,J Dawson,Adelaide Crows,585800.0,35500.0,20.0,7200.0,575600.0,-10200.0,575600.0,0.0,568900.0,-6700.0,2025-06-14,1080
Errol Gulden,E Gulden,Sydney Swans,581900.0,0.0,,0.0,581900.0,0.0,581900.0,0.0,581900.0,0.0,2025-06-14,3336
Lachie Neale,L Neale,Brisbane Lions,567600.0,-78300.0,9.0,-6700.0,546300.0,-21300.0,537600.0,-8700.0,537600.0,0.0,2025-06-14,355
Elliot Yeo,E Yeo,West Coast Eagles,564700.0,0.0,,0.0,564700.0,0.0,564700.0,0.0,564700.0,0.0,2025-06-14,584
Zak Butters,Z Butters,Port Adelaide,563700.0,-85200.0,26.0,-22200.0,570300.0,6600.0,574800.0,4500.0,558700.0,-16100.0,2025-06-14,1856
Timothy English,T English,Western Bulldogs,561300.0,-20600.0,-19.0,3900.0,558900.0,-2400.0,568200.0,9300.0,571500.0,3300.0,2025-06-14,1409
Tom Green,T Green,GWS GIANTS,560400.0,-13800.0,-83.0,11400.0,577200.0,16800.0,599400.0,22200.0,599400.0,0.0,2025-06-14,2617
Bailey Dale,B Dale,Western Bulldogs,559200.0,31100.0,23.0,7000.0,558200.0,-1000.0,578200.0,20000.0,584600.0,6400.0,2025-06-14,1053
Lachlan Ash,L Ash,GWS GIANTS,557000.0,100300.0,4.0,4100.0,563200.0,6200.0,567400.0,4200.0,567400.0,0.0,2025-06-14,196
Max Holmes,M Holmes,Geelong Cats,555100.0,21200.0,167.0,35500.0,582100.0,27000.0,608200.0,26100.0,608200.0,0.0,2025-06-14,3250
Toby Nankervis,T Nankervis,Richmond,551000.0,-43000.0,-68.0,29100.0,551000.0,0.0,560100.0,9100.0,552700.0,-7400.0,2025-06-14,790
Zachary Merrett,Z Merrett,Essendon,549400.0,-71700.0,-5.0,3300.0,520400.0,-29000.0,500300.0,-20100.0,500300.0,0.0,2025-06-14,170
Rowan Marshall,R Marshall,St Kilda,547300.0,-56200.0,-0.0,0.0,509200.0,-38100.0,508900.0,-300.0,513500.0,4600.0,2025-06-14,1410
Nic Newman,N Newman,Carlton,546800.0,0.0,,0.0,546800.0,0.0,546800.0,0.0,551700.0,4900.0,2025-06-14,950
Reilly O Brien,R O Brien,Adelaide Crows,544700.0,42000.0,2.0,800.0,519200.0,-25500.0,519200.0,0.0,511800.0,-7400.0,2025-06-14,763
Adam Cerra,A Cerra,Carlton,544000.0,96300.0,32.0,30900.0,556200.0,12200.0,560000.0,3800.0,556500.0,-3500.0,2025-06-14,1562
George Hewett,G Hewett,Carlton,543500.0,47000.0,-31.0,-14400.0,532400.0,-11100.0,545500.0,13100.0,545400.0,-100.0,2025-06-14,690
Jordan Clark,J Clark,Fremantle,543200.0,-20500.0,-0.0,0.0,549400.0,6200.0,560300.0,10900.0,549200.0,-11100.0,2025-06-14,1929
Matt Rowell,M Rowell,Gold Coast SUNS,541200.0,-9100.0,-240.0,21800.0,541200.0,0.0,548900.0,7700.0,544400.0,-4500.0,2025-06-14,2790
Christian Petracca,C Petracca,Melbourne,539700.0,-16500.0,-33.0,5500.0,530900.0,-8800.0,530900.0,0.0,533800.0,2900.0,2025-06-14,1001
Finn Callaghan,F Callaghan,GWS GIANTS,539600.0,98000.0,0.0,0.0,550300.0,10700.0,564000.0,13700.0,564000.0,0.0,2025-06-14,5321
Isaac Heeney,I Heeney,Sydney Swans,536200.0,-93000.0,1.0,-500.0,536200.0,0.0,533700.0,-2500.0,542100.0,8400.0,2025-06-14,966
Tom De Koning,T De Koning,Carlton,536000.0,-11100.0,-72.0,8000.0,546800.0,10800.0,564000.0,17200.0,565300.0,1300.0,2025-06-14,1544
Nick Daicos,N Daicos,Collingwood,535900.0,-95500.0,-1.0,800.0,535900.0,0.0,533500.0,-2400.0,531200.0,-2300.0,2025-06-14,5257
Caleb Serong,C Serong,Fremantle,535700.0,-87700.0,-0.0,0.0,533300.0,-2400.0,528000.0,-5300.0,522400.0,-5600.0,2025-06-14,2304
Jack Crisp,J Crisp,Collingwood,534900.0,65200.0,23.0,15000.0,534900.0,0.0,539400.0,4500.0,561700.0,22300.0,2025-06-14,212
Jack Steele,J Steele,St Kilda,534600.0,-50600.0,-0.0,0.0,551100.0,16500.0,552700.0,1600.0,552500.0,-200.0,2025-06-14,868
Lachie Whitfield,L Whitfield,GWS GIANTS,533100.0,-65000.0,30.0,-19600.0,525600.0,-7500.0,517900.0,-7700.0,517900.0,0.0,2025-06-14,306
Steele Sidebottom,S Sidebottom,Collingwood,530000.0,124200.0,27.0,34100.0,530000.0,0.0,558700.0,28700.0,567100.0,8400.0,2025-06-14,154
Connor Rozee,C Rozee,Port Adelaide,525900.0,-3500.0,149.0,-5200.0,527000.0,1100.0,534000.0,7000.0,531200.0,-2800.0,2025-06-14,1848
Darcy Cameron,D Cameron,Collingwood,523500.0,-43000.0,23.0,-9700.0,523500.0,0.0,531800.0,8300.0,531300.0,-500.0,2025-06-14,1330
Josh Dunkley,J Dunkley,Brisbane Lions,522700.0,-79600.0,16.0,-13000.0,517500.0,-5200.0,531800.0,14300.0,531800.0,0.0,2025-06-14,1083
Dayne Zorko,D Zorko,Brisbane Lions,522200.0,-72900.0,36.0,-26500.0,490600.0,-31600.0,480100.0,-10500.0,480100.0,0.0,2025-06-14,8
Will Ashcroft,W Ashcroft,Brisbane Lions,522200.0,81000.0,7.0,5800.0,541100.0,18900.0,545700.0,4600.0,545700.0,0.0,2025-06-14,5518
Touk Miller,T Miller,Gold Coast SUNS,521500.0,-31100.0,37.0,-11400.0,521500.0,0.0,501600.0,-19900.0,491700.0,-9900.0,2025-06-14,990
Tim Taranto,T Taranto,Richmond,519100.0,9700.0,-60.0,-5800.0,519100.0,0.0,512200.0,-6900.0,514700.0,2500.0,2025-06-14,1395
Jackson Macrae,J Macrae,St Kilda,517300.0,125100.0,0.0,0.0,494500.0,-22800.0,488300.0,-6200.0,498300.0,10000.0,2025-06-14,748
Patrick Cripps,P Cripps,Carlton,516000.0,-79300.0,16.0,-12900.0,509100.0,-6900.0,500000.0,-9100.0,509200.0,9200.0,2025-06-14,270
Callum Wilkie,C Wilkie,St Kilda,515300.0,21000.0,0.0,0.0,530600.0,15300.0,553000.0,22400.0,550500.0,-2500.0,2025-06-14,1855
Rory Laird,R Laird,Adelaide Crows,512000.0,-49100.0,-26.0,12900.0,515800.0,3800.0,515800.0,0.0,521300.0,5500.0,2025-06-14,193
Jeremy Mc Govern,J Mc Govern,West Coast Eagles,509700.0,-84400.0,-0.0,0.0,475700.0,-34000.0,475700.0,0.0,456300.0,-19400.0,2025-06-14,752
Nasiah Wanganeen Milera,N W Milera,St Kilda,507100.0,-36600.0,-0.0,0.0,514400.0,7300.0,508300.0,-6100.0,502500.0,-5800.0,2025-06-14,5694
Kysaiah Pickett,K Pickett,Melbourne,505300.0,109900.0,-8.0,-8700.0,466600.0,-38700.0,466600.0,0.0,449600.0,-17000.0,2025-06-14,3727
Jarrod Witts,J Witts,Gold Coast SUNS,505100.0,-76200.0,-9.0,7000.0,505100.0,0.0,496500.0,-8600.0,499900.0,3400.0,2025-06-14,161
Scott Pendlebury,S Pendlebury,Collingwood,504700.0,38900.0,-3.0,-1300.0,504700.0,0.0,509100.0,4400.0,529500.0,20400.0,2025-06-14,118
Luke Ryan,L Ryan,Fremantle,504400.0,-123900.0,-0.0,0.0,508500.0,4100.0,515900.0,7400.0,532400.0,16500.0,2025-06-14,1311
Harry Sheezel,H Sheezel,North Melbourne,504300.0,-131300.0,10.0,-12500.0,507000.0,2700.0,526300.0,19300.0,526400.0,100.0,2025-06-14,5522
Luke Davies Uniacke,L D Uniacke,North Melbourne,500200.0,-87800.0,8.0,-6800.0,489800.0,-10400.0,483100.0,-6700.0,483000.0,-100.0,2025-06-14,1607
Liam Baker,L Baker,West Coast Eagles,499800.0,56200.0,29.0,16100.0,522300.0,22500.0,522300.0,0.0,533200.0,10900.0,2025-06-14,1756
Jason Horne Francis,J H Francis,Port Adelaide,499600.0,-37400.0,-0.0,0.0,475700.0,-23900.0,447000.0,-28700.0,455900.0,8900.0,2025-06-14,5691
John Noble,J Noble,Gold Coast SUNS,499300.0,77900.0,-27.0,-20900.0,499300.0,0.0,475000.0,-24300.0,459300.0,-15700.0,2025-06-14,1768
Josh Daicos,J Daicos,Collingwood,498000.0,15400.0,-5.0,-700.0,498000.0,0.0,501100.0,3100.0,519200.0,18100.0,2025-06-14,1321
Sam Darcy,S Darcy,Western Bulldogs,497000.0,70000.0,0.0,0.0,444500.0,-52500.0,415500.0,-29000.0,422400.0,6900.0,2025-06-14,5292
Tom Atkins,T Atkins,Geelong Cats,492000.0,60400.0,29.0,17600.0,511200.0,19200.0,529800.0,18600.0,529800.0,0.0,2025-06-14,1846
Karl Amon,K Amon,Hawthorn,489600.0,-4300.0,419.0,-18000.0,472700.0,-16900.0,472700.0,0.0,465500.0,-7200.0,2025-06-14,801
Hayden Young,H Young,Fremantle,489600.0,-56500.0,-0.0,0.0,459900.0,-29700.0,426000.0,-33900.0,418600.0,-7400.0,2025-06-14,2284
Sam Walsh,S Walsh,Carlton,489000.0,-94900.0,7.0,-7000.0,485100.0,-3900.0,487500.0,2400.0,481400.0,-6100.0,2025-06-14,1896
Riley Thilthorpe,R Thilthorpe,Adelaide Crows,488700.0,118100.0,-3.0,-3900.0,472500.0,-16200.0,472500.0,0.0,457400.0,-15100.0,2025-06-14,4046
Matthew Kennedy,M Kennedy,Western Bulldogs,487600.0,73200.0,-12.0,-9000.0,485800.0,-1800.0,487600.0,1800.0,488100.0,500.0,2025-06-14,922
Jai Newcombe,J Newcombe,Hawthorn,487300.0,-42400.0,22.0,-9500.0,486900.0,-400.0,486900.0,0.0,496800.0,9900.0,2025-06-14,4712
Shai Bolton,S Bolton,Fremantle,485600.0,69500.0,0.0,0.0,473300.0,-12300.0,471300.0,-2000.0,460500.0,-10800.0,2025-06-14,1407
Justin Mc Inerney,J Mc Inerney,Sydney Swans,484400.0,40700.0,45.0,18400.0,484400.0,0.0,496300.0,11900.0,496300.0,0.0,2025-06-14,1864
Marc Pittonet,M Pittonet,Carlton,484100.0,0.0,,0.0,484100.0,0.0,492500.0,8400.0,504900.0,12400.0,2025-06-14,892
Will Day,W Day,Hawthorn,483900.0,-7400.0,-0.0,0.0,480000.0,-3900.0,480000.0,0.0,484600.0,4600.0,2025-06-14,3726
Darcy Parish,D Parish,Essendon,481400.0,0.0,,0.0,481400.0,0.0,468500.0,-12900.0,468500.0,0.0,2025-06-14,852
Chad Warner,C Warner,Sydney Swans,478300.0,-81400.0,39.0,-31500.0,478300.0,0.0,450600.0,-27700.0,438600.0,-12000.0,2025-06-14,3735
Jamie Elliott,J Elliott,Collingwood,478300.0,136000.0,2.0,2600.0,478300.0,0.0,473200.0,-5100.0,452600.0,-20600.0,2025-06-14,112
Jye Caldwell,J Caldwell,Essendon,477500.0,-28800.0,-128.0,37000.0,496100.0,18600.0,494800.0,-1300.0,494800.0,0.0,2025-06-14,1834
Gryan Miers,G Miers,Geelong Cats,477300.0,35900.0,73.0,26300.0,506500.0,29200.0,523600.0,17100.0,523600.0,0.0,2025-06-14,1563
Ned Long,N Long,Collingwood,474900.0,274000.0,7.0,18300.0,474900.0,0.0,470700.0,-4200.0,468100.0,-2600.0,2025-06-14,2880
Jacob Hopper,J Hopper,Richmond,473200.0,37600.0,-41.0,-15300.0,473200.0,0.0,448700.0,-24500.0,434500.0,-14200.0,2025-06-14,918
Clayton Oliver,C Oliver,Melbourne,473000.0,21400.0,24.0,5200.0,456500.0,-16500.0,456500.0,0.0,459300.0,2800.0,2025-06-14,899
Jaspa Fletcher,J Fletcher,Brisbane Lions,469500.0,123200.0,6.0,7100.0,472400.0,2900.0,468400.0,-4000.0,468400.0,0.0,2025-06-14,5372
Sam Durham,S Durham,Essendon,468800.0,-13500.0,119.0,-16000.0,441400.0,-27400.0,436300.0,-5100.0,436300.0,0.0,2025-06-14,3075
James Peatling,J Peatling,Adelaide Crows,468700.0,115900.0,-16.0,-18400.0,456000.0,-12700.0,456000.0,0.0,442200.0,-13800.0,2025-06-14,2541
Izak Rankine,I Rankine,Adelaide Crows,466700.0,-54900.0,41.0,-22500.0,446100.0,-20600.0,446100.0,0.0,436600.0,-9500.0,2025-06-14,1815
Will Setterfield,W Setterfield,Essendon,465100.0,2800.0,-254.0,-7100.0,457200.0,-7900.0,452700.0,-4500.0,452700.0,0.0,2025-06-14,1359
Oliver Wines,O Wines,Port Adelaide,464800.0,-70600.0,-10.0,6800.0,473000.0,8200.0,482600.0,9600.0,486600.0,4000.0,2025-06-14,678
Jordan Ridley,J Ridley,Essendon,463500.0,-89100.0,-0.0,0.0,430500.0,-33000.0,401600.0,-28900.0,401600.0,0.0,2025-06-14,1288
Ned Moyle,N Moyle,Gold Coast SUNS,462100.0,0.0,,0.0,462100.0,0.0,400200.0,-61900.0,368600.0,-31600.0,2025-06-14,5311
Nick Haynes,N Haynes,Carlton,460700.0,84200.0,4.0,3500.0,462500.0,1800.0,455400.0,-7100.0,445200.0,-10200.0,2025-06-14,577
Matt Crouch,M Crouch,Adelaide Crows,460600.0,-108000.0,-0.0,0.0,457000.0,-3600.0,457000.0,0.0,451300.0,-5700.0,2025-06-14,210
Harry Mc Kay,H Mc Kay,Carlton,457500.0,-9700.0,-0.0,0.0,468900.0,11400.0,487500.0,18600.0,505700.0,18200.0,2025-06-14,692
Tom Powell,T Powell,North Melbourne,457000.0,25000.0,36.0,8900.0,465000.0,8000.0,459800.0,-5200.0,457300.0,-2500.0,2025-06-14,4068
Thomas Stewart,T Stewart,Geelong Cats,455500.0,-65500.0,-39.0,25700.0,470500.0,15000.0,475000.0,4500.0,475000.0,0.0,2025-06-14,1322
Jeremy Howe,J Howe,Collingwood,455100.0,18400.0,47.0,8600.0,455100.0,0.0,475100.0,20000.0,497800.0,22700.0,2025-06-14,504
Caleb Daniel,C Daniel,North Melbourne,454400.0,185300.0,16.0,29700.0,473200.0,18800.0,481400.0,8200.0,466700.0,-14700.0,2025-06-14,952
Mason Redman,M Redman,Essendon,454200.0,-21500.0,-0.0,0.0,430600.0,-23600.0,431800.0,1200.0,431800.0,0.0,2025-06-14,944
Jeremy Cameron,J Cameron,Geelong Cats,453800.0,-12300.0,107.0,-13200.0,427700.0,-26100.0,400900.0,-26800.0,400900.0,0.0,2025-06-14,223
Joshua Kelly,J Kelly,GWS GIANTS,453600.0,-84900.0,30.0,-25700.0,439900.0,-13700.0,424900.0,-15000.0,424900.0,0.0,2025-06-14,528
Matthew Roberts,M Roberts,Sydney Swans,449900.0,15100.0,0.0,0.0,449900.0,0.0,450100.0,200.0,457700.0,7600.0,2025-06-14,5696
Lloyd Meek,L Meek,Hawthorn,449500.0,-108100.0,-11.0,11700.0,469700.0,20200.0,469700.0,0.0,473900.0,4200.0,2025-06-14,1560
Nick Blakey,N Blakey,Sydney Swans,448500.0,-76700.0,-7.0,5500.0,448500.0,0.0,452100.0,3600.0,477700.0,25600.0,2025-06-14,1948
Jake Bowey,J Bowey,Melbourne,447900.0,110000.0,-19.0,-21300.0,431300.0,-16600.0,431300.0,0.0,436800.0,5500.0,2025-06-14,3132
Ivan Soldo,I Soldo,Port Adelaide,447900.0,0.0,,0.0,447900.0,0.0,407900.0,-40000.0,392400.0,-15500.0,2025-06-14,949
Jake Soligo,J Soligo,Adelaide Crows,446800.0,-1100.0,-600.0,6600.0,465400.0,18600.0,465400.0,0.0,488500.0,23100.0,2025-06-14,2770
Nick Vlastuin,N Vlastuin,Richmond,446600.0,-45500.0,16.0,-7100.0,446600.0,0.0,434800.0,-11800.0,421200.0,-13600.0,2025-06-14,444
Shaun Mannagh,S Mannagh,Geelong Cats,445200.0,40000.0,22.0,9000.0,451400.0,6200.0,448000.0,-3400.0,448000.0,0.0,2025-06-14,5018
Willem Drew,W Drew,Port Adelaide,443800.0,-44000.0,-21.0,9400.0,463300.0,19500.0,467500.0,4200.0,471400.0,3900.0,2025-06-14,1400
Josh Worrell,J Worrell,Adelaide Crows,441500.0,-16500.0,-16.0,2600.0,450400.0,8900.0,450400.0,0.0,450800.0,400.0,2025-06-14,2696
Dan Houston,D Houston,Collingwood,441500.0,-134100.0,-3.0,4400.0,441500.0,0.0,445600.0,4100.0,439800.0,-5800.0,2025-06-14,1043
Connor Idun,C Idun,GWS GIANTS,441100.0,-16900.0,98.0,-16500.0,440900.0,-200.0,443400.0,2500.0,443400.0,0.0,2025-06-14,1812
Andrew Mc Grath,A Mc Grath,Essendon,440000.0,-74000.0,9.0,-6500.0,430700.0,-9300.0,447800.0,17100.0,447800.0,0.0,2025-06-14,1331
Steven May,S May,Melbourne,439100.0,-48400.0,-24.0,11700.0,466400.0,27300.0,466400.0,0.0,465300.0,-1100.0,2025-06-14,287
Zach Reid,Z Reid,Essendon,438800.0,318900.0,0.0,0.0,438700.0,-100.0,448400.0,9700.0,448400.0,0.0,2025-06-14,2612
Joshua Weddle,J Weddle,Hawthorn,438500.0,44200.0,26.0,11300.0,441200.0,2700.0,441200.0,0.0,458600.0,17400.0,2025-06-14,6669
Jack Graham,J Graham,West Coast Eagles,436900.0,60900.0,-22.0,-13700.0,422800.0,-14100.0,422800.0,0.0,425100.0,2300.0,2025-06-14,1325
Jack Viney,J Viney,Melbourne,436700.0,-37500.0,-0.0,0.0,442100.0,5400.0,442100.0,0.0,450900.0,8800.0,2025-06-14,608
Oscar Mc Inerney,O Mc Inerney,Brisbane Lions,436500.0,-80800.0,-0.0,0.0,406000.0,-30500.0,384000.0,-22000.0,384000.0,0.0,2025-06-14,1317
Jayden Short,J Short,Richmond,434500.0,-7800.0,-0.0,0.0,434500.0,0.0,422300.0,-12200.0,415000.0,-7300.0,2025-06-14,964
Adam Saad,A Saad,Carlton,433300.0,-34900.0,15.0,-5300.0,429400.0,-3900.0,426900.0,-2500.0,429100.0,2200.0,2025-06-14,913
Joel Jeffrey,J Jeffrey,Gold Coast SUNS,431900.0,78500.0,27.0,21400.0,431900.0,0.0,426500.0,-5400.0,419000.0,-7500.0,2025-06-14,2568
Trent Rivers,T Rivers,Melbourne,431200.0,-31700.0,20.0,-6400.0,423000.0,-8200.0,423000.0,0.0,424000.0,1000.0,2025-06-14,3729
Sam Draper,S Draper,Essendon,429300.0,20100.0,0.0,0.0,447200.0,17900.0,454700.0,7500.0,454700.0,0.0,2025-06-14,1296
Ed Langdon,E Langdon,Melbourne,429100.0,-3200.0,719.0,-23000.0,391700.0,-37400.0,391700.0,0.0,366800.0,-24900.0,2025-06-14,810
Mark Blicavs,M Blicavs,Geelong Cats,428900.0,61500.0,-64.0,-39100.0,418600.0,-10300.0,422500.0,3900.0,422500.0,0.0,2025-06-14,296
Christian Salem,C Salem,Melbourne,428600.0,-2500.0,4.0,-100.0,412100.0,-16500.0,412100.0,0.0,410600.0,-1500.0,2025-06-14,735
Dion Prestia,D Prestia,Richmond,426100.0,0.0,,0.0,426100.0,0.0,473100.0,47000.0,491000.0,17900.0,2025-06-14,460
Jy Simpkin,J Simpkin,North Melbourne,425400.0,-3900.0,-164.0,6400.0,436800.0,11400.0,447400.0,10600.0,451200.0,3800.0,2025-06-14,1405
Peter Wright,P Wright,Essendon,425400.0,47100.0,47.0,22000.0,437600.0,12200.0,430700.0,-6900.0,430700.0,0.0,2025-06-14,903
Jack Buckley,J Buckley,GWS GIANTS,424500.0,4200.0,431.0,18100.0,447200.0,22700.0,466200.0,19000.0,466200.0,0.0,2025-06-14,1591
Josh Ward,J Ward,Hawthorn,423800.0,139300.0,16.0,22600.0,448500.0,24700.0,448500.0,0.0,464400.0,15900.0,2025-06-14,5252
Sam Banks,S Banks,Richmond,422400.0,169900.0,8.0,12900.0,422400.0,0.0,432800.0,10400.0,438700.0,5900.0,2025-06-14,3427
Daniel Rioli,D Rioli,Gold Coast SUNS,421600.0,-78800.0,14.0,-10800.0,421600.0,0.0,422500.0,900.0,406300.0,-16200.0,2025-06-14,919
Paul Curtis,P Curtis,North Melbourne,420200.0,102100.0,-12.0,-12700.0,390100.0,-30100.0,375800.0,-14300.0,373600.0,-2200.0,2025-06-14,4350
Archie Roberts,A Roberts,Essendon,420200.0,81800.0,-28.0,-22900.0,394500.0,-25700.0,375500.0,-19000.0,375500.0,0.0,2025-06-14,6645
James Sicily,J Sicily,Hawthorn,418000.0,-114900.0,-0.0,0.0,397300.0,-20700.0,397300.0,0.0,380600.0,-16700.0,2025-06-14,514
Sam Taylor,S Taylor,GWS GIANTS,416100.0,31800.0,87.0,27700.0,447200.0,31100.0,473200.0,26000.0,473200.0,0.0,2025-06-14,1698
Mark Keane,M Keane,Adelaide Crows,414900.0,-4900.0,-476.0,23300.0,430800.0,15900.0,430800.0,0.0,422700.0,-8100.0,2025-06-14,1901
Jesse Hogan,J Hogan,GWS GIANTS,414900.0,-82900.0,32.0,-26900.0,401200.0,-13700.0,415400.0,14200.0,415400.0,0.0,2025-06-14,391
Tom Mc Donald,T Mc Donald,Melbourne,414300.0,-14100.0,-0.0,0.0,409600.0,-4700.0,409600.0,0.0,408800.0,-800.0,2025-06-14,663
Miles Bergman,M Bergman,Port Adelaide,414200.0,-4000.0,-798.0,31900.0,447500.0,33300.0,468600.0,21100.0,469200.0,600.0,2025-06-14,2848
Alex Neal Bullen,A N Bullen,Adelaide Crows,412100.0,-46400.0,-11.0,5100.0,406200.0,-5900.0,406200.0,0.0,393800.0,-12400.0,2025-06-14,893
James Worpel,J Worpel,Hawthorn,411700.0,-58700.0,45.0,-26500.0,396600.0,-15100.0,396600.0,0.0,372100.0,-24500.0,2025-06-14,1713
Zac Bailey,Z Bailey,Brisbane Lions,411300.0,31400.0,-69.0,-21600.0,402100.0,-9200.0,393500.0,-8600.0,393500.0,0.0,2025-06-14,1577
Liam Duggan,L Duggan,West Coast Eagles,410400.0,-53500.0,-27.0,14200.0,421300.0,10900.0,421300.0,0.0,439500.0,18200.0,2025-06-14,956
Lawson Humphries,L Humphries,Geelong Cats,410200.0,-8300.0,30.0,-2500.0,410600.0,400.0,414800.0,4200.0,414800.0,0.0,2025-06-14,7508
Daniel Turner,D Turner,Melbourne,408400.0,173800.0,10.0,17800.0,421100.0,12700.0,421100.0,0.0,431400.0,10300.0,2025-06-14,5217
Mark O Connor,M O Connor,Geelong Cats,405700.0,101100.0,20.0,19900.0,416500.0,10800.0,441700.0,25200.0,441700.0,0.0,2025-06-14,1344
Ollie Dempsey,O Dempsey,Geelong Cats,405500.0,-2600.0,865.0,-22500.0,396900.0,-8600.0,390100.0,-6800.0,390100.0,0.0,2025-06-14,5685
Kieren Briggs,K Briggs,GWS GIANTS,405500.0,-110800.0,-0.0,0.0,397700.0,-7800.0,386700.0,-11000.0,386700.0,0.0,2025-06-14,1811
Brayden Maynard,B Maynard,Collingwood,405500.0,-14800.0,-0.0,0.0,405500.0,0.0,391500.0,-14000.0,368400.0,-23100.0,2025-06-14,862
Jack Ginnivan,J Ginnivan,Hawthorn,404500.0,17600.0,99.0,17400.0,432400.0,27900.0,432400.0,0.0,448200.0,15800.0,2025-06-14,2238
James Rowbottom,J Rowbottom,Sydney Swans,404400.0,-104900.0,13.0,-13200.0,404400.0,0.0,393400.0,-11000.0,390200.0,-3200.0,2025-06-14,1908
Josh Rachele,J Rachele,Adelaide Crows,404100.0,60200.0,25.0,15200.0,402900.0,-1200.0,402900.0,0.0,399400.0,-3500.0,2025-06-14,3232
Ryan Maric,R Maric,West Coast Eagles,404000.0,180200.0,-21.0,-37400.0,390900.0,-13100.0,390900.0,0.0,389200.0,-1700.0,2025-06-14,8467
Sam Docherty,S Docherty,Carlton,403000.0,-84900.0,-19.0,16200.0,436200.0,33200.0,440300.0,4100.0,429200.0,-11100.0,2025-06-14,80
Alex Sexton,A Sexton,Gold Coast SUNS,402000.0,0.0,,0.0,402000.0,0.0,402000.0,0.0,344300.0,-57700.0,2025-06-14,309
Jarrod Berry,J Berry,Brisbane Lions,401500.0,-47800.0,-65.0,31000.0,428000.0,26500.0,441800.0,13800.0,441800.0,0.0,2025-06-14,1343
Ben Keays,B Keays,Adelaide Crows,401400.0,-35300.0,-149.0,52600.0,430200.0,28800.0,430200.0,0.0,439000.0,8800.0,2025-06-14,886
Brent Daniels,B Daniels,GWS GIANTS,401400.0,-83600.0,4.0,-3600.0,400900.0,-500.0,397100.0,-3800.0,397100.0,0.0,2025-06-14,1740
Jordon Sweet,J Sweet,Port Adelaide,401300.0,-77100.0,-0.0,0.0,383600.0,-17700.0,386000.0,2400.0,386000.0,0.0,2025-06-14,1943
Todd Goldstein,T Goldstein,Essendon,399900.0,22700.0,26.0,5800.0,394100.0,-5800.0,399500.0,5400.0,399500.0,0.0,2025-06-14,600
Mitchell Hinge,M Hinge,Adelaide Crows,399600.0,-104000.0,-5.0,5300.0,402700.0,3100.0,402700.0,0.0,404100.0,1400.0,2025-06-14,1292
Bodhi Uwland,B Uwland,Gold Coast SUNS,399500.0,6400.0,-28.0,-1800.0,399500.0,0.0,398600.0,-900.0,403800.0,5200.0,2025-06-14,4868
Charlie Curnow,C Curnow,Carlton,398800.0,-45400.0,5.0,-2100.0,408700.0,9900.0,427100.0,18400.0,437600.0,10500.0,2025-06-14,776
Stephen Coniglio,S Coniglio,GWS GIANTS,398300.0,-29500.0,-0.0,0.0,380000.0,-18300.0,361200.0,-18800.0,361200.0,0.0,2025-06-14,215
Sean Darcy,S Darcy,Fremantle,397100.0,-132300.0,-0.0,0.0,358000.0,-39100.0,331300.0,-26700.0,325300.0,-6000.0,2025-06-14,1392
Lachlan Schultz,L Schultz,Collingwood,396900.0,69600.0,0.0,0.0,396900.0,0.0,388300.0,-8600.0,399200.0,10900.0,2025-06-14,4851
Josh Battle,J Battle,Hawthorn,396400.0,-57900.0,13.0,-7800.0,377800.0,-18600.0,377800.0,0.0,362700.0,-15100.0,2025-06-14,1412
Brayden Fiorini,B Fiorini,Gold Coast SUNS,396300.0,2500.0,552.0,13800.0,396300.0,0.0,413100.0,16800.0,422900.0,9800.0,2025-06-14,988
Tom Mitchell,T Mitchell,Collingwood,395200.0,0.0,,0.0,395200.0,0.0,395200.0,0.0,395200.0,0.0,2025-06-14,587
Jacob Weitering,J Weitering,Carlton,395100.0,-19800.0,134.0,-26600.0,379900.0,-15200.0,366900.0,-13000.0,366100.0,-800.0,2025-06-14,774
Jamie Cripps,J Cripps,West Coast Eagles,394500.0,-5400.0,-78.0,4200.0,380300.0,-14200.0,380300.0,0.0,373400.0,-6900.0,2025-06-14,751
Tanner Bruhn,T Bruhn,Geelong Cats,393700.0,0.0,,0.0,393700.0,0.0,393700.0,0.0,393700.0,0.0,2025-06-14,2542
Tom Papley,T Papley,Sydney Swans,393500.0,-37600.0,-0.0,0.0,393500.0,0.0,363700.0,-29800.0,362500.0,-1200.0,2025-06-14,1135
Jack Silvagni,J Silvagni,Carlton,393500.0,133700.0,-8.0,-10400.0,379100.0,-14400.0,387500.0,8400.0,403100.0,15600.0,2025-06-14,766
Colby Mc Kercher,C Mc Kercher,North Melbourne,393200.0,-83700.0,-74.0,62100.0,420500.0,27300.0,448200.0,27700.0,442200.0,-6000.0,2025-06-14,6706
Bailey Williams,B Williams,Western Bulldogs,392900.0,-21800.0,105.0,-22800.0,375600.0,-17300.0,369500.0,-6100.0,367600.0,-1900.0,2025-06-14,969
Charlie Comben,C Comben,North Melbourne,392500.0,-17900.0,120.0,-21500.0,373500.0,-19000.0,345300.0,-28200.0,353300.0,8000.0,2025-06-14,2398
Luke Parker,L Parker,North Melbourne,391200.0,47600.0,-44.0,-20900.0,399600.0,8400.0,419000.0,19400.0,421500.0,2500.0,2025-06-14,816
Joel Freijah,J Freijah,Western Bulldogs,391100.0,20700.0,-66.0,-13700.0,386200.0,-4900.0,395000.0,8800.0,394900.0,-100.0,2025-06-14,6564
Harry Perryman,H Perryman,Collingwood,390300.0,-27200.0,18.0,-5000.0,390300.0,0.0,387400.0,-2900.0,393700.0,6300.0,2025-06-14,1394
George Wardlaw,G Wardlaw,North Melbourne,389200.0,-72100.0,48.0,-34600.0,361800.0,-27400.0,352600.0,-9200.0,358600.0,6000.0,2025-06-14,5508
Ryan Burton,R Burton,Port Adelaide,389100.0,1600.0,-819.0,-13100.0,373700.0,-15400.0,374700.0,1000.0,377300.0,2600.0,2025-06-14,927
Jase Burgoyne,J Burgoyne,Port Adelaide,388300.0,-42500.0,-1.0,400.0,376700.0,-11600.0,372500.0,-4200.0,366700.0,-5800.0,2025-06-14,5692
Wayne Milera,W Milera,Adelaide Crows,386900.0,132900.0,10.0,12800.0,392400.0,5500.0,392400.0,0.0,386700.0,-5700.0,2025-06-14,830
Dylan Moore,D Moore,Hawthorn,386200.0,-140500.0,-5.0,7100.0,390600.0,4400.0,390600.0,0.0,396100.0,5500.0,2025-06-14,1595
Xavier Duursma,X Duursma,Essendon,385600.0,-36500.0,38.0,-13700.0,374700.0,-10900.0,379800.0,5100.0,379800.0,0.0,2025-06-14,1852
Sam Clohesy,S Clohesy,Gold Coast SUNS,385600.0,10000.0,115.0,11500.0,385600.0,0.0,378600.0,-7000.0,379200.0,600.0,2025-06-14,4320
Harrison Himmelberg,H Himmelberg,GWS GIANTS,385200.0,-106500.0,-22.0,23000.0,403100.0,17900.0,414600.0,11500.0,414600.0,0.0,2025-06-14,8430
Bradley Hill,B Hill,St Kilda,385200.0,-3300.0,-0.0,0.0,392000.0,6800.0,399700.0,7700.0,398700.0,-1000.0,2025-06-14,482
Sam Flanders,S Flanders,Gold Coast SUNS,384400.0,-257100.0,4.0,-9600.0,384400.0,0.0,367100.0,-17300.0,337600.0,-29500.0,2025-06-14,2341
Jarman Impey,J Impey,Hawthorn,383500.0,-66500.0,-19.0,12900.0,393000.0,9500.0,393000.0,0.0,403200.0,10200.0,2025-06-14,703
Levi Ashcroft,L Ashcroft,Brisbane Lions,383500.0,198000.0,-2.0,-3800.0,370900.0,-12600.0,362900.0,-8000.0,362900.0,0.0,2025-06-14,8422
Jake Riccardi,J Riccardi,GWS GIANTS,383200.0,74100.0,39.0,28600.0,400300.0,17100.0,406300.0,6000.0,406300.0,0.0,2025-06-14,3723
Wil Powell,W Powell,Gold Coast SUNS,383200.0,-94000.0,11.0,-10300.0,383200.0,0.0,384000.0,800.0,391600.0,7600.0,2025-06-14,1474
Matthew Flynn,M Flynn,West Coast Eagles,382500.0,120600.0,-11.0,-13100.0,388300.0,5800.0,388300.0,0.0,393900.0,5600.0,2025-06-14,866
Harry Morrison,H Morrison,Hawthorn,382300.0,90800.0,6.0,5500.0,378800.0,-3500.0,378800.0,0.0,402800.0,24000.0,2025-06-14,1341
Corey Wagner,C Wagner,Fremantle,381700.0,40400.0,0.0,0.0,399600.0,17900.0,410200.0,10600.0,420700.0,10500.0,2025-06-14,1089
Heath Chapman,H Chapman,Fremantle,381100.0,200.0,0.0,0.0,405800.0,24700.0,401500.0,-4300.0,399200.0,-2300.0,2025-06-14,4061
Harris Andrews,H Andrews,Brisbane Lions,380600.0,-68800.0,-12.0,8500.0,386400.0,5800.0,389900.0,3500.0,389900.0,0.0,2025-06-14,822
Tom Cole,T Cole,West Coast Eagles,380200.0,18500.0,124.0,23000.0,393700.0,13500.0,393700.0,0.0,393900.0,200.0,2025-06-14,1146
Nathan Broad,N Broad,Richmond,379300.0,17500.0,89.0,15500.0,379300.0,0.0,378400.0,-900.0,378600.0,200.0,2025-06-14,1032
Rhylee West,R West,Western Bulldogs,377100.0,26100.0,-27.0,-7000.0,353300.0,-23800.0,334900.0,-18400.0,345600.0,10700.0,2025-06-14,1912
Jason Johannisen,J Johannisen,Western Bulldogs,376800.0,-50100.0,-0.0,0.0,377900.0,1100.0,372000.0,-5900.0,373900.0,1900.0,2025-06-14,840
Tim Kelly,T Kelly,West Coast Eagles,376500.0,-137800.0,-4.0,5200.0,371900.0,-4600.0,371900.0,0.0,356600.0,-15300.0,2025-06-14,1741
Cody Weightman,C Weightman,Western Bulldogs,376200.0,0.0,,0.0,376200.0,0.0,376200.0,0.0,364700.0,-11500.0,2025-06-14,2401
Darcy Jones,D Jones,GWS GIANTS,375200.0,24100.0,-51.0,-12300.0,354600.0,-20600.0,346900.0,-7700.0,346900.0,0.0,2025-06-14,7595
Samuel Collins,S Collins,Gold Coast SUNS,374900.0,-51000.0,22.0,-11000.0,374900.0,0.0,367600.0,-7300.0,359600.0,-8000.0,2025-06-14,824
Jack Gunston,J Gunston,Hawthorn,374700.0,56800.0,-38.0,-21800.0,365700.0,-9000.0,365700.0,0.0,353300.0,-12400.0,2025-06-14,500
Jake Kolodjashnij,J Kolodjashnij,Geelong Cats,374200.0,0.0,,0.0,374200.0,0.0,374200.0,0.0,374200.0,0.0,2025-06-14,373
Isaac Quaynor,I Quaynor,Collingwood,373700.0,58400.0,80.0,46800.0,373700.0,0.0,395500.0,21800.0,412500.0,17000.0,2025-06-14,1772
Harley Reid,H Reid,West Coast Eagles,373500.0,-60500.0,1.0,-400.0,375900.0,2400.0,375900.0,0.0,377700.0,1800.0,2025-06-14,5377
Darcy Wilmot,D Wilmot,Brisbane Lions,373500.0,-75600.0,12.0,-9300.0,376400.0,2900.0,374900.0,-1500.0,374900.0,0.0,2025-06-14,2786
Jake Lloyd,J Lloyd,Sydney Swans,373500.0,-70900.0,31.0,-22000.0,373500.0,0.0,346700.0,-26800.0,344600.0,-2100.0,2025-06-14,844
Cameron Zurhaar,C Zurhaar,North Melbourne,373100.0,1300.0,438.0,5700.0,374300.0,1200.0,381800.0,7500.0,385100.0,3300.0,2025-06-14,1404
Nathan Fyfe,N Fyfe,Fremantle,372800.0,0.0,,0.0,372800.0,0.0,335600.0,-37200.0,320900.0,-14700.0,2025-06-14,4059
Toby Greene,T Greene,GWS GIANTS,371400.0,-55000.0,30.0,-16400.0,327400.0,-44000.0,295800.0,-31600.0,295800.0,0.0,2025-06-14,657
Tom Mc Cartin,T Mc Cartin,Sydney Swans,369700.0,28000.0,49.0,13600.0,369700.0,0.0,394300.0,24600.0,402800.0,8500.0,2025-06-14,1786
Blake Hardwick,B Hardwick,Hawthorn,369700.0,-36800.0,22.0,-8000.0,361100.0,-8600.0,361100.0,0.0,369000.0,7900.0,2025-06-14,924
Elijah Hollands,E Hollands,Carlton,368800.0,-36100.0,-0.0,0.0,355200.0,-13600.0,342000.0,-13200.0,340700.0,-1300.0,2025-06-14,2975
Tyson Stengle,T Stengle,Geelong Cats,368700.0,-23500.0,-166.0,39100.0,405900.0,37200.0,421100.0,15200.0,421100.0,0.0,2025-06-14,1376
Riley Garcia,R Garcia,Western Bulldogs,368400.0,0.0,,0.0,368400.0,0.0,368400.0,0.0,366300.0,-2100.0,2025-06-14,3741
Jaeger O Meara,J O Meara,Fremantle,367900.0,16400.0,0.0,0.0,381000.0,13100.0,388100.0,7100.0,396400.0,8300.0,2025-06-14,614
Ben Long,B Long,Gold Coast SUNS,367900.0,49400.0,-33.0,-16300.0,367900.0,0.0,342600.0,-25300.0,327400.0,-15200.0,2025-06-14,1408
Mitchell Duncan,M Duncan,Geelong Cats,367600.0,-55700.0,14.0,-7800.0,374600.0,7000.0,364400.0,-10200.0,364400.0,0.0,2025-06-14,326
Sam De Koning,S De Koning,Geelong Cats,367400.0,5500.0,-295.0,-16200.0,359000.0,-8400.0,355000.0,-4000.0,355000.0,0.0,2025-06-14,2248
Marcus Windhager,M Windhager,St Kilda,366300.0,-18800.0,-0.0,0.0,395400.0,29100.0,412800.0,17400.0,401400.0,-11400.0,2025-06-14,5282
Oliver Hollands,O Hollands,Carlton,366300.0,33000.0,59.0,19500.0,394000.0,27700.0,420700.0,26700.0,421400.0,700.0,2025-06-14,5569
Ryan Byrnes,R Byrnes,St Kilda,365900.0,40400.0,0.0,0.0,357900.0,-8000.0,348900.0,-9000.0,345700.0,-3200.0,2025-06-14,2986
Massimo D Ambrosio,M D Ambrosio,Hawthorn,365800.0,-106700.0,10.0,-10800.0,360000.0,-5800.0,360000.0,0.0,355300.0,-4700.0,2025-06-14,4349
Patrick Dangerfield,P Dangerfield,Geelong Cats,365400.0,-88800.0,64.0,-56800.0,337200.0,-28200.0,330100.0,-7100.0,330100.0,0.0,2025-06-14,10
Jack Ross,J Ross,Richmond,364300.0,53900.0,-28.0,-15000.0,364300.0,0.0,349600.0,-14700.0,343700.0,-5900.0,2025-06-14,1849
James Harmes,J Harmes,Western Bulldogs,363400.0,-17200.0,-12.0,2000.0,347200.0,-16200.0,352400.0,5200.0,356800.0,4400.0,2025-06-14,742
Cameron Mackenzie,C Mackenzie,Hawthorn,363300.0,35400.0,0.0,0.0,333800.0,-29500.0,333800.0,0.0,324900.0,-8900.0,2025-06-14,5630
Jack Lukosius,J Lukosius,Port Adelaide,363100.0,0.0,,0.0,302300.0,-60800.0,254300.0,-48000.0,235600.0,-18700.0,2025-06-14,1831
Sam Switkowski,S Switkowski,Fremantle,362600.0,-53900.0,-0.0,0.0,393000.0,30400.0,412400.0,19400.0,410900.0,-1500.0,2025-06-14,1699
Matt Cottrell,M Cottrell,Carlton,362200.0,68200.0,0.0,0.0,359500.0,-2700.0,349600.0,-9900.0,355600.0,6000.0,2025-06-14,1895
Hunter Clark,H Clark,St Kilda,361800.0,-50200.0,-0.0,0.0,371300.0,9500.0,369400.0,-1900.0,354700.0,-14700.0,2025-06-14,1716
Ryley Sanders,R Sanders,Western Bulldogs,361500.0,22400.0,-36.0,-8100.0,344100.0,-17400.0,340000.0,-4100.0,338700.0,-1300.0,2025-06-14,5296
Aliir Aliir,A Aliir,Port Adelaide,361000.0,-44800.0,-40.0,17800.0,363600.0,2600.0,359700.0,-3900.0,357800.0,-1900.0,2025-06-14,695
Cooper Sharman,C Sharman,St Kilda,360500.0,57000.0,0.0,0.0,366700.0,6200.0,367300.0,600.0,376600.0,9300.0,2025-06-14,3028
Bailey Humphrey,B Humphrey,Gold Coast SUNS,360100.0,89700.0,-35.0,-31000.0,360100.0,0.0,353100.0,-7000.0,344500.0,-8600.0,2025-06-14,5434
Billy Dowling,B Dowling,Adelaide Crows,359800.0,0.0,,0.0,359800.0,0.0,359800.0,0.0,359800.0,0.0,2025-06-14,8619
Matt Guelfi,M Guelfi,Essendon,359300.0,-25300.0,100.0,-25300.0,333500.0,-25800.0,310500.0,-23000.0,310500.0,0.0,2025-06-14,1737
Kane Mc Auliffe,K Mc Auliffe,Richmond,359200.0,114900.0,26.0,29800.0,359200.0,0.0,374600.0,15400.0,386400.0,11800.0,2025-06-14,9749
Conor Nash,C Nash,Hawthorn,358800.0,-53100.0,-47.0,25100.0,382700.0,23900.0,382700.0,0.0,388400.0,5700.0,2025-06-14,1302
Kade Chandler,K Chandler,Melbourne,358400.0,17800.0,-33.0,-5900.0,351500.0,-6900.0,351500.0,0.0,338000.0,-13500.0,2025-06-14,1808
Mac Andrew,M Andrew,Gold Coast SUNS,358300.0,-38600.0,-28.0,10900.0,358300.0,0.0,363800.0,5500.0,346600.0,-17200.0,2025-06-14,5063
Ben Miller,B Miller,Richmond,358300.0,-34000.0,-52.0,17700.0,358300.0,0.0,366900.0,8600.0,370200.0,3300.0,2025-06-14,1572
Travis Boak,T Boak,Port Adelaide,358200.0,-65300.0,21.0,-13500.0,356600.0,-1600.0,357200.0,600.0,349700.0,-7500.0,2025-06-14,594
Zach Guthrie,Z Guthrie,Geelong Cats,357300.0,-93900.0,-3.0,3000.0,353300.0,-4000.0,351300.0,-2000.0,351300.0,0.0,2025-06-14,1342
Anthony Caminiti,A Caminiti,St Kilda,357200.0,68700.0,0.0,0.0,361200.0,4000.0,365900.0,4700.0,361900.0,-4000.0,2025-06-14,5467
Callum Mills,C Mills,Sydney Swans,357200.0,0.0,,0.0,357200.0,0.0,379700.0,22500.0,405200.0,25500.0,2025-06-14,1133
Hugo Ralphsmith,H Ralphsmith,Richmond,356700.0,72300.0,19.0,13400.0,356700.0,0.0,369200.0,12500.0,367800.0,-1400.0,2025-06-14,2764
Callum Brown,C Brown,GWS GIANTS,356500.0,91600.0,8.0,6900.0,373900.0,17400.0,383300.0,9400.0,383300.0,0.0,2025-06-14,1809
Jamarra Ugle Hagan,J U Hagan,Western Bulldogs,355400.0,0.0,,0.0,355400.0,0.0,355400.0,0.0,366000.0,10600.0,2025-06-14,2693
Blake Acres,B Acres,Carlton,355300.0,-145300.0,-8.0,12100.0,370900.0,15600.0,384600.0,13700.0,377000.0,-7600.0,2025-06-14,683
Sam Berry,S Berry,Adelaide Crows,355100.0,12300.0,313.0,38500.0,352500.0,-2600.0,352500.0,0.0,348000.0,-4500.0,2025-06-14,2465
Matt Johnson,M Johnson,Fremantle,354000.0,12500.0,0.0,0.0,358000.0,4000.0,368400.0,10400.0,376600.0,8200.0,2025-06-14,5679
Brody Mihocek,B Mihocek,Collingwood,353100.0,27800.0,57.0,15800.0,353100.0,0.0,361300.0,8200.0,352700.0,-8600.0,2025-06-14,1685
Zac Fisher,Z Fisher,North Melbourne,353000.0,-105000.0,52.0,-54200.0,317900.0,-35100.0,299800.0,-18100.0,286500.0,-13300.0,2025-06-14,1291
Oscar Allen,O Allen,West Coast Eagles,352500.0,53700.0,4.0,2200.0,345300.0,-7200.0,345300.0,0.0,343100.0,-2200.0,2025-06-14,1718
Brodie Smith,B Smith,Adelaide Crows,351300.0,8200.0,100.0,8200.0,350700.0,-600.0,350700.0,0.0,332500.0,-18200.0,2025-06-14,34
Dylan Stephens,D Stephens,North Melbourne,351100.0,92500.0,-4.0,-3800.0,349600.0,-1500.0,352900.0,3300.0,367300.0,14400.0,2025-06-14,3734
Ryan Lester,R Lester,Brisbane Lions,350600.0,-34100.0,49.0,-16800.0,334600.0,-16000.0,330800.0,-3800.0,330800.0,0.0,2025-06-14,124
Jack Payne,J Payne,Brisbane Lions,350600.0,12700.0,61.0,7800.0,362500.0,11900.0,370000.0,7500.0,370000.0,0.0,2025-06-14,1661
Jaxon Prior,J Prior,Essendon,350200.0,181000.0,0.0,100.0,344600.0,-5600.0,344400.0,-200.0,344400.0,0.0,2025-06-14,3714
Jake Waterman,J Waterman,West Coast Eagles,350000.0,-97800.0,-0.0,0.0,344400.0,-5600.0,344400.0,0.0,336300.0,-8100.0,2025-06-14,1381
Kane Farrell,K Farrell,Port Adelaide,349700.0,-95300.0,34.0,-32000.0,329100.0,-20600.0,333800.0,4700.0,330700.0,-3100.0,2025-06-14,1758
Brady Hough,B Hough,West Coast Eagles,348000.0,10900.0,-91.0,-9900.0,345100.0,-2900.0,345100.0,0.0,355400.0,10300.0,2025-06-14,5701
Lewis Young,L Young,Carlton,347100.0,7000.0,0.0,0.0,326300.0,-20800.0,326400.0,100.0,331900.0,5500.0,2025-06-14,1335
Jordan De Goey,J De Goey,Collingwood,346500.0,-95300.0,-0.0,0.0,346500.0,0.0,328100.0,-18400.0,308700.0,-19400.0,2025-06-14,782
Jack Bowes,J Bowes,Geelong Cats,345500.0,-103600.0,-0.0,0.0,319800.0,-25700.0,308300.0,-11500.0,308300.0,0.0,2025-06-14,1401
Brandon Zerk Thatcher,B Z Thatcher,Port Adelaide,345300.0,0.0,,0.0,346200.0,900.0,341600.0,-4600.0,347400.0,5800.0,2025-06-14,1469
Michael Frederick,M Frederick,Fremantle,344900.0,73300.0,0.0,0.0,335700.0,-9200.0,323200.0,-12500.0,318000.0,-5200.0,2025-06-14,3718
Judd Mc Vee,J Mc Vee,Melbourne,344700.0,-36700.0,32.0,-11700.0,332500.0,-12200.0,332500.0,0.0,310200.0,-22300.0,2025-06-14,5688
Harvey Langford,H Langford,Melbourne,344700.0,163700.0,-2.0,-3900.0,340000.0,-4700.0,340000.0,0.0,345000.0,5000.0,2025-06-14,8503
Mitchito Owens,M Owens,St Kilda,344700.0,800.0,0.0,0.0,366100.0,21400.0,360700.0,-5400.0,360200.0,-500.0,2025-06-14,5305
Charlie Ballard,C Ballard,Gold Coast SUNS,343900.0,0.0,,0.0,343900.0,0.0,343900.0,0.0,328800.0,-15100.0,2025-06-14,1475
Toby Conway,T Conway,Geelong Cats,343100.0,0.0,,0.0,343100.0,0.0,343100.0,0.0,343100.0,0.0,2025-06-14,5112
Jayden Laverde,J Laverde,Essendon,342000.0,-20800.0,95.0,-19700.0,326000.0,-16000.0,299200.0,-26800.0,299200.0,0.0,2025-06-14,870
Esava Ratugolea,E Ratugolea,Port Adelaide,341900.0,26400.0,70.0,18600.0,372900.0,31000.0,389200.0,16300.0,392800.0,3600.0,2025-06-14,1375
Noah Balta,N Balta,Richmond,341300.0,6400.0,-23.0,-1500.0,341300.0,0.0,343300.0,2000.0,358400.0,15100.0,2025-06-14,1755
Angus Sheldrick,A Sheldrick,Sydney Swans,340600.0,178900.0,29.0,51300.0,340600.0,0.0,378100.0,37500.0,401900.0,23800.0,2025-06-14,5698
Tom Barrass,T Barrass,Hawthorn,340100.0,-111900.0,15.0,-17300.0,333500.0,-6600.0,333500.0,0.0,331800.0,-1700.0,2025-06-14,789
Callum Ah Chee,C Ah Chee,Brisbane Lions,339500.0,-7800.0,-356.0,27800.0,341000.0,1500.0,336000.0,-5000.0,336000.0,0.0,2025-06-14,850
Lincoln Mc Carthy,L Mc Carthy,Brisbane Lions,339500.0,0.0,,0.0,339500.0,0.0,339500.0,0.0,339500.0,0.0,2025-06-14,294
Aaron Naughton,A Naughton,Western Bulldogs,339100.0,-41200.0,28.0,-11600.0,337700.0,-1400.0,328700.0,-9000.0,338400.0,9700.0,2025-06-14,1621
Logan Mc Donald,L Mc Donald,Sydney Swans,338100.0,0.0,,0.0,338100.0,0.0,338100.0,0.0,338100.0,0.0,2025-06-14,4074
Mabior Chol,M Chol,Hawthorn,338000.0,-3800.0,-242.0,9200.0,362100.0,24100.0,362100.0,0.0,385100.0,23000.0,2025-06-14,1125
Alex Pearce,A Pearce,Fremantle,337400.0,-30800.0,-0.0,0.0,325700.0,-11700.0,335700.0,10000.0,340000.0,4300.0,2025-06-14,465
Jimmy Webster,J Webster,St Kilda,336900.0,4300.0,0.0,0.0,340400.0,3500.0,346100.0,5700.0,353900.0,7800.0,2025-06-14,628
Shannon Neale,S Neale,Geelong Cats,336700.0,22900.0,27.0,6100.0,315500.0,-21200.0,302100.0,-13400.0,302100.0,0.0,2025-06-14,4063
Connor Mac Donald,C Mac Donald,Hawthorn,336500.0,-64100.0,-7.0,4400.0,329500.0,-7000.0,329500.0,0.0,341200.0,11700.0,2025-06-14,2722
Josh Treacy,J Treacy,Fremantle,336100.0,-117900.0,-0.0,0.0,331000.0,-5100.0,329900.0,-1100.0,312700.0,-17200.0,2025-06-14,2362
James Borlase,J Borlase,Adelaide Crows,335700.0,0.0,,0.0,302400.0,-33300.0,302400.0,0.0,272900.0,-29500.0,2025-06-14,4050
Joe Richards,J Richards,Port Adelaide,335100.0,26200.0,-18.0,-4700.0,331600.0,-3500.0,336500.0,4900.0,331800.0,-4700.0,2025-06-14,8622
Jack Scrimshaw,J Scrimshaw,Hawthorn,334800.0,-107000.0,-0.0,0.0,317700.0,-17100.0,317700.0,0.0,303700.0,-14000.0,2025-06-14,1336
Liam Henry,L Henry,St Kilda,334100.0,0.0,,0.0,334100.0,0.0,299400.0,-34700.0,288400.0,-11000.0,2025-06-14,3716
Changkuoth Jiath,C Jiath,Hawthorn,333300.0,22700.0,-216.0,-49000.0,298900.0,-34400.0,298900.0,0.0,287600.0,-11300.0,2025-06-14,1574
Logan Evans,L Evans,Port Adelaide,333200.0,-38100.0,-0.0,0.0,340800.0,7600.0,337600.0,-3200.0,324200.0,-13400.0,2025-06-14,9923
Jack Henry,J Henry,Geelong Cats,333200.0,-27100.0,-73.0,19800.0,348800.0,15600.0,363000.0,14200.0,363000.0,0.0,2025-06-14,1339
Alex Davies,A Davies,Gold Coast SUNS,333200.0,0.0,,0.0,333200.0,0.0,333200.0,0.0,333200.0,0.0,2025-06-14,2558
James Aish,J Aish,Fremantle,333000.0,0.0,,0.0,287600.0,-45400.0,256700.0,-30900.0,220200.0,-36500.0,2025-06-14,136
Seth Campbell,S Campbell,Richmond,332900.0,62200.0,-27.0,-16600.0,332900.0,0.0,337100.0,4200.0,344600.0,7500.0,2025-06-14,5275
Mitch Mc Govern,M Mc Govern,Carlton,332800.0,-78900.0,-10.0,8000.0,319200.0,-13600.0,315900.0,-3300.0,302800.0,-13100.0,2025-06-14,738
Lachlan Fogarty,L Fogarty,Carlton,332800.0,2700.0,-281.0,-7600.0,336600.0,3800.0,336700.0,100.0,344800.0,8100.0,2025-06-14,5277
Luke Mc Donald,L Mc Donald,North Melbourne,332800.0,-24800.0,-102.0,25300.0,361300.0,28500.0,373900.0,12600.0,371700.0,-2200.0,2025-06-14,424
Will Hayward,W Hayward,Sydney Swans,332400.0,-30500.0,-19.0,5700.0,332400.0,0.0,342000.0,9600.0,349100.0,7100.0,2025-06-14,1413
Dylan Shiel,D Shiel,Essendon,332200.0,-81500.0,-0.0,0.0,290600.0,-41600.0,274400.0,-16200.0,274400.0,0.0,2025-06-14,297
Reuben Ginbey,R Ginbey,West Coast Eagles,332100.0,-41800.0,-10.0,4000.0,329400.0,-2700.0,329400.0,0.0,324300.0,-5100.0,2025-06-14,7975
Brandon Walker,B Walker,Fremantle,329300.0,0.0,,0.0,308300.0,-21000.0,291000.0,-17300.0,297300.0,6300.0,2025-06-14,4060
Mason Wood,M Wood,St Kilda,329300.0,-102400.0,-0.0,0.0,333000.0,3700.0,336300.0,3300.0,323200.0,-13100.0,2025-06-14,547
Jake Melksham,J Melksham,Melbourne,328500.0,53700.0,-26.0,-13800.0,310800.0,-17700.0,310800.0,0.0,310100.0,-700.0,2025-06-14,137
Noah Answerth,N Answerth,Brisbane Lions,327300.0,20600.0,60.0,12300.0,340900.0,13600.0,332700.0,-8200.0,332700.0,0.0,2025-06-14,1774
Paddy Dow,P Dow,St Kilda,327100.0,0.0,,0.0,327100.0,0.0,327100.0,0.0,315500.0,-11600.0,2025-06-14,1554
Jordan Boyd,J Boyd,Carlton,327000.0,0.0,,0.0,288900.0,-38100.0,260300.0,-28600.0,238300.0,-22000.0,2025-06-14,4803
Charlie Cameron,C Cameron,Brisbane Lions,326400.0,12000.0,66.0,7900.0,315900.0,-10500.0,320900.0,5000.0,320900.0,0.0,2025-06-14,152
Rory Lobb,R Lobb,Western Bulldogs,325900.0,-50900.0,-15.0,7500.0,337700.0,11800.0,349900.0,12200.0,352200.0,2300.0,2025-06-14,604
Daniel Mc Stay,D Mc Stay,Collingwood,325400.0,65900.0,-13.0,-8500.0,325400.0,0.0,304100.0,-21300.0,299400.0,-4700.0,2025-06-14,249
Sam Powell Pepper,S P Pepper,Port Adelaide,325200.0,144700.0,-19.0,-28100.0,286200.0,-39000.0,268900.0,-17300.0,265900.0,-3000.0,2025-06-14,1406
Lachlan Sholl,L Sholl,Adelaide Crows,325000.0,-133500.0,-0.0,0.0,292700.0,-32300.0,292700.0,0.0,272800.0,-19900.0,2025-06-14,1761
Liam Jones,L Jones,Western Bulldogs,324500.0,-54300.0,-0.0,0.0,300700.0,-23800.0,289800.0,-10900.0,285300.0,-4500.0,2025-06-14,772
Thomson Dow,T Dow,Richmond,323800.0,2400.0,0.0,0.0,323800.0,0.0,322400.0,-1400.0,316000.0,-6400.0,2025-06-14,2199
Elijah Hewett,E Hewett,West Coast Eagles,322900.0,200100.0,13.0,25900.0,346900.0,24000.0,346900.0,0.0,348700.0,1800.0,2025-06-14,7596
Jake Lever,J Lever,Melbourne,322800.0,-55600.0,29.0,-16000.0,314500.0,-8300.0,314500.0,0.0,311600.0,-2900.0,2025-06-14,856
Tom Brown,T Brown,Richmond,322500.0,20500.0,-42.0,-8700.0,322500.0,0.0,314300.0,-8200.0,331300.0,17000.0,2025-06-14,2877
James O Donnell,J O Donnell,Western Bulldogs,322200.0,43700.0,-5.0,-2000.0,325600.0,3400.0,342700.0,17100.0,346900.0,4200.0,2025-06-14,11626
Chayce Jones,C Jones,Adelaide Crows,322000.0,0.0,,0.0,322000.0,0.0,322000.0,0.0,322000.0,0.0,2025-06-14,1782
Darcy Fort,D Fort,Brisbane Lions,321200.0,130700.0,39.0,50400.0,354500.0,33300.0,386600.0,32100.0,386600.0,0.0,2025-06-14,1940
Dougal Howard,D Howard,St Kilda,321000.0,1300.0,0.0,0.0,326900.0,5900.0,327300.0,400.0,325400.0,-1900.0,2025-06-14,998
Rhys Stanley,R Stanley,Geelong Cats,320000.0,-59000.0,-36.0,21500.0,334100.0,14100.0,333900.0,-200.0,333900.0,0.0,2025-06-14,668
Isaac Cumming,I Cumming,Adelaide Crows,319700.0,32000.0,30.0,9700.0,330000.0,10300.0,330000.0,0.0,315000.0,-15000.0,2025-06-14,1386
Aidan Corr,A Corr,North Melbourne,319100.0,-27600.0,-0.0,0.0,317600.0,-1500.0,316000.0,-1600.0,310900.0,-5100.0,2025-06-14,437
Nick Larkey,N Larkey,North Melbourne,318700.0,-9800.0,-48.0,4700.0,319400.0,700.0,321800.0,2400.0,315100.0,-6700.0,2025-06-14,1355
Daniel Curtin,D Curtin,Adelaide Crows,318300.0,159700.0,16.0,25800.0,325400.0,7100.0,325400.0,0.0,327100.0,1700.0,2025-06-14,7336
Willie Rioli,W Rioli,Port Adelaide,317200.0,-9600.0,27.0,-2600.0,307300.0,-9900.0,305400.0,-1900.0,309200.0,3800.0,2025-06-14,1411
Mitch Georgiades,M Georgiades,Port Adelaide,317200.0,-60900.0,20.0,-12100.0,307700.0,-9500.0,303000.0,-4700.0,303500.0,500.0,2025-06-14,3733
Bobby Hill,B Hill,Collingwood,316100.0,-21700.0,24.0,-5200.0,316100.0,0.0,318000.0,1900.0,312300.0,-5700.0,2025-06-14,1835
Tom Lynch,T Lynch,Richmond,315700.0,132500.0,0.0,300.0,315700.0,0.0,301800.0,-13900.0,286600.0,-15200.0,2025-06-14,472
Dante Visentini,D Visentini,Port Adelaide,315400.0,66500.0,34.0,22600.0,325800.0,10400.0,335300.0,9500.0,340600.0,5300.0,2025-06-14,5229
Cooper Lord,C Lord,Carlton,315200.0,61400.0,41.0,25000.0,335500.0,20300.0,334500.0,-1000.0,334700.0,200.0,2025-06-14,9437
Brodie Kemp,B Kemp,Carlton,315100.0,-66400.0,-0.0,0.0,289400.0,-25700.0,284600.0,-4800.0,277100.0,-7500.0,2025-06-14,2209
Lachlan Weller,L Weller,Gold Coast SUNS,314700.0,13200.0,0.0,0.0,314700.0,0.0,286000.0,-28700.0,269700.0,-16300.0,2025-06-14,9266
Will Phillips,W Phillips,North Melbourne,314400.0,-22100.0,-0.0,0.0,315400.0,1000.0,321900.0,6500.0,322700.0,800.0,2025-06-14,3261
Darcy Gardiner,D Gardiner,Brisbane Lions,314200.0,73100.0,0.0,0.0,318900.0,4700.0,322700.0,3800.0,322700.0,0.0,2025-06-14,132
Murphy Reid,M Reid,Fremantle,314100.0,182600.0,0.0,0.0,327600.0,13500.0,318900.0,-8700.0,316100.0,-2800.0,2025-06-14,9363
Tyler Brockman,T Brockman,West Coast Eagles,313800.0,87000.0,4.0,3300.0,307000.0,-6800.0,307000.0,0.0,315700.0,8700.0,2025-06-14,4066
Nick Bryan,N Bryan,Essendon,313600.0,8400.0,0.0,0.0,301100.0,-12500.0,282600.0,-18500.0,282600.0,0.0,2025-06-14,2692
Xavier O Halloran,X O Halloran,GWS GIANTS,313500.0,32000.0,22.0,7100.0,301900.0,-11600.0,293800.0,-8100.0,293800.0,0.0,2025-06-14,1821
Darcy Wilson,D Wilson,St Kilda,313400.0,-38500.0,-0.0,0.0,296600.0,-16800.0,280100.0,-16500.0,285300.0,5200.0,2025-06-14,6573
Oliver Florent,O Florent,Sydney Swans,312500.0,-112700.0,-0.0,0.0,312500.0,0.0,299400.0,-13100.0,293200.0,-6200.0,2025-06-14,1363
Bayley Fritsch,B Fritsch,Melbourne,312200.0,17900.0,206.0,36900.0,339000.0,26800.0,339000.0,0.0,350900.0,11900.0,2025-06-14,1520
Will Graham,W Graham,Gold Coast SUNS,312000.0,-29700.0,-0.0,0.0,312000.0,0.0,306500.0,-5500.0,303900.0,-2600.0,2025-06-14,6512
Cameron Rayner,C Rayner,Brisbane Lions,310600.0,-112000.0,-1.0,1000.0,320100.0,9500.0,325800.0,5700.0,325800.0,0.0,2025-06-14,1665
Taylor Walker,T Walker,Adelaide Crows,310600.0,-36600.0,68.0,-24800.0,302900.0,-7700.0,302900.0,0.0,309100.0,6200.0,2025-06-14,35
Jack Billings,J Billings,Melbourne,310500.0,0.0,,0.0,310500.0,0.0,310500.0,0.0,306300.0,-4200.0,2025-06-14,722
Nathan O Driscoll,N O Driscoll,Fremantle,309800.0,111800.0,0.0,0.0,331500.0,21700.0,344500.0,13000.0,363300.0,18800.0,2025-06-14,4059
Dane Rampe,D Rampe,Sydney Swans,309500.0,3300.0,203.0,6700.0,309500.0,0.0,315300.0,5800.0,310800.0,-4500.0,2025-06-14,727
Riley Bice,R Bice,Sydney Swans,309000.0,195500.0,-2.0,-4500.0,309000.0,0.0,302600.0,-6400.0,320400.0,17800.0,2025-06-14,8470
Sam Wicks,S Wicks,Sydney Swans,308300.0,66800.0,-22.0,-15000.0,308300.0,0.0,284000.0,-24300.0,273500.0,-10500.0,2025-06-14,1903
Buku Khamis,B Khamis,Western Bulldogs,308200.0,36600.0,42.0,15500.0,311300.0,3100.0,310000.0,-1300.0,309100.0,-900.0,2025-06-14,1959
Jacob Wehr,J Wehr,GWS GIANTS,307400.0,9100.0,-136.0,-12400.0,293900.0,-13500.0,292700.0,-1200.0,292700.0,0.0,2025-06-14,4064
Patrick Lipinski,P Lipinski,Collingwood,307300.0,-100300.0,-0.0,0.0,307300.0,0.0,323500.0,16200.0,335400.0,11900.0,2025-06-14,1353
Braeden Campbell,B Campbell,Sydney Swans,306800.0,37100.0,-41.0,-15200.0,306800.0,0.0,301800.0,-5000.0,311000.0,9200.0,2025-06-14,2941
Tim Membrey,T Membrey,Collingwood,306700.0,-35000.0,-20.0,7000.0,306700.0,0.0,302700.0,-4000.0,324500.0,21800.0,2025-06-14,836
Brennan Cox,B Cox,Fremantle,306600.0,-44200.0,-0.0,0.0,296400.0,-10200.0,292400.0,-4000.0,307100.0,14700.0,2025-06-14,1390
Harry Edwards,H Edwards,West Coast Eagles,305700.0,4600.0,293.0,13500.0,339500.0,33800.0,339500.0,0.0,353000.0,13500.0,2025-06-14,1854
Toby Pink,T Pink,North Melbourne,305600.0,96200.0,15.0,14700.0,314200.0,8600.0,314400.0,200.0,322100.0,7700.0,2025-06-14,1338
Xavier Lindsay,X Lindsay,Melbourne,305600.0,147100.0,-9.0,-13400.0,286300.0,-19300.0,286300.0,0.0,266000.0,-20300.0,2025-06-14,8524
Beau Mc Creery,B Mc Creery,Collingwood,305200.0,14900.0,-1.0,-100.0,305200.0,0.0,302900.0,-2300.0,307800.0,4900.0,2025-06-14,4056
Darcy Moore,D Moore,Collingwood,304500.0,-98700.0,11.0,-10600.0,304500.0,0.0,288600.0,-15900.0,278700.0,-9900.0,2025-06-14,895
Callan Ward,C Ward,GWS GIANTS,302500.0,-114500.0,-0.0,0.0,280900.0,-21600.0,253900.0,-27000.0,253900.0,0.0,2025-06-14,457
Billy Frampton,B Frampton,Collingwood,302500.0,26500.0,-78.0,-20800.0,302500.0,0.0,289800.0,-12700.0,302600.0,12800.0,2025-06-14,1037
Lewis Melican,L Melican,Sydney Swans,301900.0,19400.0,11.0,2200.0,301900.0,0.0,307000.0,5100.0,297600.0,-9400.0,2025-06-14,1040
Lachlan Murphy,L Murphy,Adelaide Crows,301700.0,0.0,,0.0,301700.0,0.0,301700.0,0.0,297200.0,-4500.0,2025-06-14,1723
Toby Bedford,T Bedford,GWS GIANTS,301000.0,-29200.0,-25.0,7300.0,306400.0,5400.0,313900.0,7500.0,313900.0,0.0,2025-06-14,1839
Caleb Windsor,C Windsor,Melbourne,300900.0,-20400.0,67.0,-13600.0,273600.0,-27300.0,273600.0,0.0,264100.0,-9500.0,2025-06-14,6443
Max Hall,M Hall,St Kilda,300400.0,180500.0,0.0,0.0,300200.0,-200.0,316000.0,15800.0,318000.0,2000.0,2025-06-14,5088
Max King,M King,St Kilda,300400.0,0.0,,0.0,300400.0,0.0,300400.0,0.0,296200.0,-4200.0,2025-06-14,1950
Tom Sparrow,T Sparrow,Melbourne,300200.0,-48000.0,-7.0,3400.0,301800.0,1600.0,301800.0,0.0,307400.0,5600.0,2025-06-14,1947
Darcy Byrne Jones,D B Jones,Port Adelaide,299600.0,-43800.0,40.0,-17400.0,280600.0,-19000.0,272800.0,-7800.0,270100.0,-2700.0,2025-06-14,652
Jade Gresham,J Gresham,Essendon,299500.0,-18900.0,-108.0,20400.0,323500.0,24000.0,328300.0,4800.0,328300.0,0.0,2025-06-14,1127
Liam Ryan,L Ryan,West Coast Eagles,299500.0,-4600.0,391.0,-18000.0,288900.0,-10600.0,288900.0,0.0,285100.0,-3800.0,2025-06-14,1787
Bradley Close,B Close,Geelong Cats,298500.0,-30000.0,10.0,-3100.0,304600.0,6100.0,319200.0,14600.0,319200.0,0.0,2025-06-14,3720
Brandon Starcevich,B Starcevich,Brisbane Lions,297300.0,0.0,,0.0,297300.0,0.0,298900.0,1600.0,298900.0,0.0,2025-06-14,1609
Charlie Dean,C Dean,Collingwood,297000.0,0.0,,0.0,297000.0,0.0,297000.0,0.0,297000.0,0.0,2025-06-14,2679
Hayden Mc Lean,H Mc Lean,Sydney Swans,296200.0,-72500.0,1.0,-600.0,296200.0,0.0,303800.0,7600.0,306200.0,2400.0,2025-06-14,1956
Jack Higgins,J Higgins,St Kilda,295400.0,-86100.0,-0.0,0.0,266400.0,-29000.0,259700.0,-6700.0,261300.0,1600.0,2025-06-14,1573
Elliott Himmelberg,E Himmelberg,Gold Coast SUNS,295200.0,0.0,,0.0,295200.0,0.0,295200.0,0.0,295200.0,0.0,2025-06-14,1357
Todd Marshall,T Marshall,Port Adelaide,294600.0,0.0,,0.0,294600.0,0.0,294600.0,0.0,264500.0,-30100.0,2025-06-14,1356
Darcy Tucker,D Tucker,North Melbourne,294500.0,-60900.0,-0.0,0.0,261300.0,-33200.0,238600.0,-22700.0,236000.0,-2600.0,2025-06-14,935
Sam Lalor,S Lalor,Richmond,293900.0,90400.0,0.0,0.0,293900.0,0.0,289200.0,-4700.0,274200.0,-15000.0,2025-06-14,8525
Jack Williams,J Williams,West Coast Eagles,293300.0,5000.0,-208.0,-10400.0,286500.0,-6800.0,286500.0,0.0,292600.0,6100.0,2025-06-14,5700
Mykelti Lefau,M Lefau,Richmond,292600.0,0.0,,0.0,292600.0,0.0,292600.0,0.0,292600.0,0.0,2025-06-14,6284
Harry Cunningham,H Cunningham,Sydney Swans,292600.0,0.0,,0.0,292600.0,0.0,292600.0,0.0,320100.0,27500.0,2025-06-14,559
Jack Darling,J Darling,North Melbourne,292200.0,-7200.0,-96.0,6900.0,278700.0,-13500.0,274400.0,-4300.0,268600.0,-5800.0,2025-06-14,842
Leek Aleer,L Aleer,GWS GIANTS,292100.0,-27800.0,100.0,-27800.0,264500.0,-27600.0,235200.0,-29300.0,235200.0,0.0,2025-06-14,5686
Zachary Williams,Z Williams,Carlton,291900.0,-74500.0,1.0,-800.0,284700.0,-7200.0,299600.0,14900.0,305800.0,6200.0,2025-06-14,483
Nick Watson,N Watson,Hawthorn,291600.0,-61300.0,-0.0,0.0,266700.0,-24900.0,266700.0,0.0,267800.0,1100.0,2025-06-14,5592
Sam Davidson,S Davidson,Western Bulldogs,291300.0,177800.0,-3.0,-4800.0,287300.0,-4000.0,273700.0,-13600.0,274300.0,600.0,2025-06-14,12580
Bailey Williams,B Williams,West Coast Eagles,290000.0,-79700.0,-0.0,0.0,282400.0,-7600.0,282400.0,0.0,263000.0,-19400.0,2025-06-14,1904
Riley Hardeman,R Hardeman,North Melbourne,289100.0,121900.0,7.0,9100.0,304300.0,15200.0,291200.0,-13100.0,300000.0,8800.0,2025-06-14,7751
Nick Murray,N Murray,Adelaide Crows,289000.0,-3200.0,-0.0,0.0,271000.0,-18000.0,271000.0,0.0,259100.0,-11900.0,2025-06-14,2474
Patrick Voss,P Voss,Fremantle,289000.0,65200.0,0.0,0.0,299300.0,10300.0,306400.0,7100.0,306400.0,0.0,2025-06-14,5232
Connor O Sullivan,C O Sullivan,Geelong Cats,288800.0,140100.0,0.0,300.0,301400.0,12600.0,293400.0,-8000.0,293400.0,0.0,2025-06-14,6576
Darcy Fogarty,D Fogarty,Adelaide Crows,287500.0,-76300.0,24.0,-18500.0,280000.0,-7500.0,280000.0,0.0,279400.0,-600.0,2025-06-14,1555
Mattaes Phillipou,M Phillipou,St Kilda,286800.0,-27000.0,-0.0,0.0,262700.0,-24100.0,242300.0,-20400.0,248400.0,6100.0,2025-06-14,8635
Liam Stocker,L Stocker,St Kilda,285900.0,2300.0,0.0,0.0,287700.0,1800.0,286000.0,-1700.0,290900.0,4900.0,2025-06-14,1897
Sam Sturt,S Sturt,Fremantle,285600.0,0.0,,0.0,285600.0,0.0,285600.0,0.0,279200.0,-6400.0,2025-06-14,1806
Kyle Langford,K Langford,Essendon,285400.0,-136800.0,-0.0,0.0,253300.0,-32100.0,224300.0,-29000.0,224300.0,0.0,2025-06-14,945
Blake Howes,B Howes,Melbourne,284300.0,-28600.0,14.0,-4100.0,278200.0,-6100.0,278200.0,0.0,271000.0,-7200.0,2025-06-14,5236
Jacob Van Rooyen,J Van Rooyen,Melbourne,283800.0,-47200.0,17.0,-8100.0,276500.0,-7300.0,276500.0,0.0,267000.0,-9500.0,2025-06-14,5689
Joel Amartey,J Amartey,Sydney Swans,283700.0,-15600.0,-0.0,0.0,283700.0,0.0,255600.0,-28100.0,257000.0,1400.0,2025-06-14,1598
Eddie Ford,E Ford,North Melbourne,282900.0,0.0,,0.0,282900.0,0.0,282900.0,0.0,274000.0,-8900.0,2025-06-14,3223
Kallan Dawson,K Dawson,North Melbourne,282600.0,0.0,,0.0,256100.0,-26500.0,237000.0,-19100.0,225500.0,-11500.0,2025-06-14,4988
Laitham Vandermeer,L Vandermeer,Western Bulldogs,282100.0,22500.0,86.0,19400.0,288900.0,6800.0,293900.0,5000.0,297200.0,3300.0,2025-06-14,1931
Aaron Cadman,A Cadman,GWS GIANTS,282100.0,25000.0,32.0,8000.0,290700.0,8600.0,287300.0,-3400.0,287300.0,0.0,2025-06-14,5435
Max Michalanney,M Michalanney,Adelaide Crows,281900.0,-73500.0,15.0,-11100.0,270600.0,-11300.0,270600.0,0.0,252600.0,-18000.0,2025-06-14,8620
Taylor Duryea,T Duryea,Western Bulldogs,281800.0,-42500.0,-0.0,0.0,276300.0,-5500.0,270900.0,-5400.0,271800.0,900.0,2025-06-14,431
Jacob Blight,J Blight,Richmond,281700.0,35300.0,0.0,0.0,281700.0,0.0,282000.0,300.0,287000.0,5000.0,2025-06-14,6877
Caleb Poulter,C Poulter,Western Bulldogs,281300.0,0.0,,0.0,281300.0,0.0,294900.0,13600.0,315600.0,20700.0,2025-06-14,4057
James Jordon,J Jordon,Sydney Swans,281200.0,-84500.0,16.0,-13300.0,281200.0,0.0,280700.0,-500.0,285300.0,4600.0,2025-06-14,1813
Logan Morris,L Morris,Brisbane Lions,281100.0,-8400.0,-42.0,3500.0,283800.0,2700.0,283500.0,-300.0,283500.0,0.0,2025-06-14,6773
Kamdyn Mc Intosh,K Mc Intosh,Richmond,280000.0,32400.0,-112.0,-36200.0,280000.0,0.0,249300.0,-30700.0,237700.0,-11600.0,2025-06-14,445
Rhyan Mansell,R Mansell,Richmond,279900.0,-42100.0,39.0,-16400.0,279900.0,0.0,271400.0,-8500.0,259400.0,-12000.0,2025-06-14,2855
Jayden Hunt,J Hunt,West Coast Eagles,279100.0,-80000.0,22.0,-17200.0,271200.0,-7900.0,271200.0,0.0,266300.0,-4900.0,2025-06-14,746
Karl Worner,K Worner,Fremantle,279000.0,93600.0,0.0,0.0,279900.0,900.0,269600.0,-10300.0,270800.0,1200.0,2025-06-14,4905
Sam Day,S Day,Brisbane Lions,278900.0,-23700.0,-0.0,0.0,270200.0,-8700.0,252700.0,-17500.0,252700.0,0.0,2025-06-14,186
Eric Hipwood,E Hipwood,Brisbane Lions,278000.0,-69000.0,18.0,-12700.0,273500.0,-4500.0,264900.0,-8600.0,264900.0,0.0,2025-06-14,864
Cameron Guthrie,C Guthrie,Geelong Cats,278000.0,0.0,,0.0,278000.0,0.0,278000.0,0.0,278000.0,0.0,2025-06-14,452
Griffin Logue,G Logue,North Melbourne,277900.0,32700.0,3.0,1100.0,277900.0,0.0,280900.0,3000.0,287100.0,6200.0,2025-06-14,1312
Luke Nankervis,L Nankervis,Adelaide Crows,277400.0,-105200.0,-0.0,0.0,266400.0,-11000.0,266400.0,0.0,255600.0,-10800.0,2025-06-14,5304
Hugo Garcia,H Garcia,St Kilda,277000.0,31200.0,0.0,0.0,274500.0,-2500.0,277100.0,2600.0,276400.0,-700.0,2025-06-14,6395
Ben Ainsworth,B Ainsworth,Gold Coast SUNS,276000.0,-79600.0,41.0,-32300.0,276000.0,0.0,241500.0,-34500.0,218200.0,-23300.0,2025-06-14,1402
Calsher Dear,C Dear,Hawthorn,275900.0,0.0,,0.0,275900.0,0.0,275900.0,0.0,255600.0,-20300.0,2025-06-14,9423
Thomas Berry,T Berry,Gold Coast SUNS,275800.0,0.0,,0.0,275800.0,0.0,275800.0,0.0,275800.0,0.0,2025-06-14,1923
Archie Perkins,A Perkins,Essendon,274200.0,-73900.0,30.0,-22100.0,246000.0,-28200.0,233900.0,-12100.0,233900.0,0.0,2025-06-14,3299
Zak Jones,Z Jones,St Kilda,273900.0,-54400.0,-0.0,0.0,281100.0,7200.0,277600.0,-3500.0,259900.0,-17700.0,2025-06-14,765
Jack Petruccelle,J Petruccelle,West Coast Eagles,272800.0,0.0,,0.0,272800.0,0.0,272800.0,0.0,239600.0,-33200.0,2025-06-14,1720
Joseph Fonti,J Fonti,GWS GIANTS,272600.0,112000.0,20.0,22800.0,290800.0,18200.0,295300.0,4500.0,295300.0,0.0,2025-06-14,11301
Jacob Koschitzke,J Koschitzke,Richmond,272500.0,0.0,,0.0,272500.0,0.0,272500.0,0.0,272500.0,0.0,2025-06-14,1819
Arie Schoenmaker,A Schoenmaker,St Kilda,270500.0,0.0,,0.0,284800.0,14300.0,292600.0,7800.0,295800.0,3200.0,2025-06-14,6719
Lachlan Jones,L Jones,Port Adelaide,269300.0,-18400.0,-0.0,0.0,261300.0,-8000.0,255400.0,-5900.0,257700.0,2300.0,2025-06-14,6549
Sandy Brock,S Brock,West Coast Eagles,269200.0,170100.0,14.0,24600.0,277600.0,8400.0,277600.0,0.0,289100.0,11500.0,2025-06-14,2875
Keidean Coleman,K Coleman,Brisbane Lions,269100.0,0.0,,0.0,269100.0,0.0,303600.0,34500.0,303600.0,0.0,2025-06-14,2203
Nikolas Cox,N Cox,Essendon,268100.0,0.0,,0.0,268100.0,0.0,268100.0,0.0,268100.0,0.0,2025-06-14,2843
Jack Hutchinson,J Hutchinson,West Coast Eagles,267200.0,33700.0,-7.0,-2300.0,269500.0,2300.0,269500.0,0.0,267200.0,-2300.0,2025-06-14,12565
Josh Draper,J Draper,Fremantle,267200.0,-300.0,-0.0,0.0,260600.0,-6600.0,246500.0,-14100.0,245800.0,-700.0,2025-06-14,7400
Edward Allan,E Allan,Collingwood,266800.0,72800.0,24.0,17500.0,266800.0,0.0,269200.0,2400.0,259500.0,-9700.0,2025-06-14,7853
Robbie Fox,R Fox,Sydney Swans,266400.0,0.0,,0.0,266400.0,0.0,266400.0,0.0,266400.0,0.0,2025-06-14,1351
Taylor Adams,T Adams,Sydney Swans,266200.0,-103900.0,49.0,-51000.0,266200.0,0.0,235100.0,-31100.0,211300.0,-23800.0,2025-06-14,145
Luke Cleary,L Cleary,Western Bulldogs,265900.0,94300.0,-13.0,-11900.0,254300.0,-11600.0,257300.0,3000.0,263100.0,5800.0,2025-06-14,3187
Brayden Cook,B Cook,Adelaide Crows,265500.0,0.0,,0.0,265500.0,0.0,265500.0,0.0,265500.0,0.0,2025-06-14,4048
Nicholas Holman,N Holman,Gold Coast SUNS,264200.0,-25700.0,63.0,-16100.0,264200.0,0.0,258900.0,-5300.0,260700.0,1800.0,2025-06-14,128
Alex Cincotta,A Cincotta,Carlton,263700.0,0.0,,0.0,263700.0,0.0,243900.0,-19800.0,240700.0,-3200.0,2025-06-14,4726
Lachlan Mc Neil,L Mc Neil,Western Bulldogs,262600.0,-69500.0,22.0,-15100.0,247500.0,-15100.0,232900.0,-14600.0,241900.0,9000.0,2025-06-14,4079
Sam Frost,S Frost,Hawthorn,262600.0,0.0,,0.0,226800.0,-35800.0,226800.0,0.0,210900.0,-15900.0,2025-06-14,305
Nate Caddy,N Caddy,Essendon,262000.0,-17700.0,3.0,-500.0,271900.0,9900.0,267600.0,-4300.0,267600.0,0.0,2025-06-14,6608
Jeremy Finlayson,J Finlayson,Port Adelaide,261600.0,-44200.0,20.0,-8700.0,259700.0,-1900.0,260800.0,1100.0,255900.0,-4900.0,2025-06-14,904
Jye Amiss,J Amiss,Fremantle,260800.0,-31600.0,-0.0,0.0,261200.0,400.0,259400.0,-1800.0,253500.0,-5900.0,2025-06-14,5680
Andy Moniz Wakefield,A M Wakefield,Melbourne,260300.0,0.0,,0.0,260300.0,0.0,260300.0,0.0,260300.0,0.0,2025-06-14,5472
Ben Mc Kay,B Mc Kay,Essendon,259900.0,-105100.0,-0.0,0.0,260500.0,600.0,252600.0,-7900.0,252600.0,0.0,2025-06-14,874
Lachlan Bramble,L Bramble,Western Bulldogs,258300.0,-133600.0,13.0,-17000.0,257200.0,-1100.0,268300.0,11100.0,271200.0,2900.0,2025-06-14,4313
Tom Doedee,T Doedee,Brisbane Lions,256800.0,0.0,,0.0,256800.0,0.0,256800.0,0.0,256800.0,0.0,2025-06-14,813
Koltyn Tholstrup,K Tholstrup,Melbourne,255000.0,-57500.0,31.0,-17700.0,232200.0,-22800.0,232200.0,0.0,231700.0,-500.0,2025-06-14,7635
Callum Jamieson,C Jamieson,West Coast Eagles,254300.0,0.0,,0.0,254300.0,0.0,254300.0,0.0,254300.0,0.0,2025-06-14,3739
Harrison Jones,H Jones,Essendon,253700.0,-52900.0,-0.0,0.0,245800.0,-7900.0,238700.0,-7100.0,238700.0,0.0,2025-06-14,2242
Oleg Markov,O Markov,Collingwood,253300.0,0.0,,0.0,253300.0,0.0,235800.0,-17500.0,241000.0,5200.0,2025-06-14,954
James Trezise,J Trezise,Richmond,253300.0,-21700.0,-0.0,0.0,253300.0,0.0,220300.0,-33000.0,203900.0,-16400.0,2025-06-14,8945
Zaine Cordy,Z Cordy,St Kilda,251200.0,0.0,,0.0,251200.0,0.0,238200.0,-13000.0,228600.0,-9600.0,2025-06-14,1084
Harvey Harrison,H Harrison,Collingwood,251000.0,0.0,,0.0,251000.0,0.0,251000.0,0.0,251000.0,0.0,2025-06-14,5677
Jake Stringer,J Stringer,GWS GIANTS,250500.0,-89700.0,-0.0,0.0,227900.0,-22600.0,214800.0,-13100.0,214800.0,0.0,2025-06-14,792
Zac Taylor,Z Taylor,Adelaide Crows,250400.0,15100.0,0.0,0.0,252700.0,2300.0,252700.0,0.0,243300.0,-9400.0,2025-06-14,2378
Shadeau Brain,S Brain,Brisbane Lions,250300.0,0.0,,0.0,250300.0,0.0,250300.0,0.0,250300.0,0.0,2025-06-14,6783
Will Hoskin Elliott,W H Elliott,Collingwood,249800.0,-103700.0,6.0,-6300.0,249800.0,0.0,240700.0,-9100.0,238000.0,-2700.0,2025-06-14,506
Marty Hore,M Hore,Melbourne,249700.0,0.0,,0.0,249700.0,0.0,249700.0,0.0,249700.0,0.0,2025-06-14,1850
Oskar Baker,O Baker,Western Bulldogs,249600.0,-7400.0,-0.0,0.0,249000.0,-600.0,239700.0,-9300.0,229300.0,-10400.0,2025-06-14,1739
Finn O Sullivan,F O Sullivan,North Melbourne,247800.0,48800.0,46.0,22500.0,269300.0,21500.0,284300.0,15000.0,279900.0,-4400.0,2025-06-14,9338
Darragh Joyce,D Joyce,Brisbane Lions,247300.0,0.0,,0.0,247300.0,0.0,247300.0,0.0,247300.0,0.0,2025-06-14,1368
Bruce Reville,B Reville,Brisbane Lions,247100.0,-28600.0,-0.0,0.0,230300.0,-16800.0,217000.0,-13300.0,217000.0,0.0,2025-06-14,2218
Oliver Henry,O Henry,Geelong Cats,247100.0,-33100.0,-0.0,0.0,256000.0,8900.0,259800.0,3800.0,259800.0,0.0,2025-06-14,2591
Jesse Motlop,J Motlop,Carlton,246500.0,55800.0,22.0,12200.0,266200.0,19700.0,282900.0,16700.0,288600.0,5700.0,2025-06-14,5674
Kai Lohmann,K Lohmann,Brisbane Lions,245700.0,-134100.0,-12.0,15500.0,256700.0,11000.0,245900.0,-10800.0,245900.0,0.0,2025-06-14,5146
Conor Mc Kenna,C Mc Kenna,Brisbane Lions,245500.0,-56200.0,-0.0,0.0,225200.0,-20300.0,207100.0,-18100.0,207100.0,0.0,2025-06-14,982
Jackson Mead,J Mead,Port Adelaide,245100.0,-83800.0,16.0,-13600.0,221700.0,-23400.0,212000.0,-9700.0,211900.0,-100.0,2025-06-14,3732
Ned Reeves,N Reeves,Hawthorn,244600.0,0.0,,0.0,244600.0,0.0,244600.0,0.0,261200.0,16600.0,2025-06-14,1822
Brynn Teakle,B Teakle,North Melbourne,244400.0,0.0,,0.0,244400.0,0.0,244400.0,0.0,229600.0,-14800.0,2025-06-14,6876
Ben Hobbs,B Hobbs,Essendon,242900.0,-19800.0,38.0,-7500.0,241300.0,-1600.0,236600.0,-4700.0,236600.0,0.0,2025-06-14,2829
Ryan Angwin,R Angwin,GWS GIANTS,242500.0,0.0,,0.0,242500.0,0.0,242500.0,0.0,242500.0,0.0,2025-06-14,2724
Harrison Petty,H Petty,Melbourne,241600.0,-37500.0,5.0,-1700.0,240800.0,-800.0,240800.0,0.0,236300.0,-4500.0,2025-06-14,1590
Peter Ladhams,P Ladhams,Sydney Swans,239900.0,-22900.0,-0.0,0.0,239900.0,0.0,244500.0,4600.0,239500.0,-5000.0,2025-06-14,1371
Charlie Spargo,C Spargo,Melbourne,239600.0,103800.0,0.0,0.0,241100.0,1500.0,241100.0,0.0,237400.0,-3700.0,2025-06-14,1742
Campbell Chesser,C Chesser,West Coast Eagles,239200.0,0.0,,0.0,239200.0,0.0,239200.0,0.0,239200.0,0.0,2025-06-14,3356
Harvey Thomas,H Thomas,GWS GIANTS,239000.0,-42400.0,-7.0,2900.0,225700.0,-13300.0,223400.0,-2300.0,223400.0,0.0,2025-06-14,6641
Ben King,B King,Gold Coast SUNS,238900.0,-79500.0,32.0,-25700.0,238900.0,0.0,220700.0,-18200.0,211700.0,-9000.0,2025-06-14,1810
Dominic Sheed,D Sheed,West Coast Eagles,238400.0,0.0,,0.0,238400.0,0.0,238400.0,0.0,238400.0,0.0,2025-06-14,849
Corey Durdin,C Durdin,Carlton,238400.0,29500.0,0.0,0.0,242500.0,4100.0,240600.0,-1900.0,245000.0,4400.0,2025-06-14,4054
Finlay Macrae,F Macrae,Collingwood,237700.0,0.0,,0.0,237700.0,0.0,237700.0,0.0,237700.0,0.0,2025-06-14,2695
Chris Burgess,C Burgess,Adelaide Crows,237600.0,0.0,,0.0,237600.0,0.0,237600.0,0.0,237600.0,0.0,2025-06-14,1910
Samson Ryan,S Ryan,Richmond,237100.0,0.0,,0.0,237100.0,0.0,226100.0,-11000.0,224500.0,-1600.0,2025-06-14,2245
Michael Walters,M Walters,Fremantle,236800.0,0.0,,0.0,236800.0,0.0,236800.0,0.0,223600.0,-13200.0,2025-06-14,332
Toby Mc Mullin,T Mc Mullin,GWS GIANTS,236700.0,900.0,,-14900.0,240700.0,4000.0,233500.0,-7200.0,233500.0,0.0,2025-06-14,6703
Tylar Young,T Young,Richmond,235900.0,0.0,,0.0,235900.0,0.0,235900.0,0.0,235900.0,0.0,2025-06-14,4777
Oisin Mullin,O Mullin,Geelong Cats,234800.0,22500.0,4.0,800.0,226100.0,-8700.0,221000.0,-5100.0,221000.0,0.0,2025-06-14,5684
Jed Walter,J Walter,Gold Coast SUNS,234400.0,43900.0,25.0,11100.0,234400.0,0.0,240800.0,6400.0,243400.0,2600.0,2025-06-14,5440
Bailey Banfield,B Banfield,Fremantle,234200.0,-102600.0,-0.0,0.0,251800.0,17600.0,254600.0,2800.0,248200.0,-6400.0,2025-06-14,1594
Rory Atkins,R Atkins,Port Adelaide,233700.0,0.0,,0.0,260200.0,26500.0,284200.0,24000.0,277700.0,-6500.0,2025-06-14,90
Neil Erasmus,N Erasmus,Fremantle,233700.0,113800.0,0.0,0.0,264700.0,31000.0,286200.0,21500.0,287900.0,1700.0,2025-06-14,5681
Luke Trainor,L Trainor,Richmond,231100.0,117600.0,-10.0,-11700.0,231100.0,0.0,229100.0,-2000.0,234200.0,5100.0,2025-06-14,9375
Caiden Cleary,C Cleary,Sydney Swans,230300.0,106200.0,0.0,0.0,230300.0,0.0,206400.0,-23900.0,188700.0,-17700.0,2025-06-14,6816
Jackson Archer,J Archer,North Melbourne,229500.0,-18400.0,-0.0,0.0,214600.0,-14900.0,190400.0,-24200.0,180900.0,-9500.0,2025-06-14,5206
Lloyd Johnston,L Johnston,Gold Coast SUNS,226500.0,0.0,,0.0,226500.0,0.0,226500.0,0.0,226500.0,0.0,2025-06-14,8302
Christian Moraes,C Moraes,Port Adelaide,226000.0,112500.0,5.0,5200.0,219200.0,-6800.0,207500.0,-11700.0,209900.0,2400.0,2025-06-14,9103
Corey Warner,C Warner,Sydney Swans,225900.0,77200.0,-5.0,-3800.0,225900.0,0.0,200500.0,-25400.0,194100.0,-6400.0,2025-06-14,5697
Elijah Tsatas,E Tsatas,Essendon,225600.0,34400.0,0.0,0.0,215700.0,-9900.0,207100.0,-8600.0,207100.0,0.0,2025-06-14,5528
Matt Owies,M Owies,West Coast Eagles,225400.0,-62800.0,-0.0,0.0,223600.0,-1800.0,223600.0,0.0,210800.0,-12800.0,2025-06-14,1776
Jordon Butts,J Butts,Adelaide Crows,225400.0,-64900.0,28.0,-18000.0,205000.0,-20400.0,205000.0,0.0,193100.0,-11900.0,2025-06-14,1824
Connor Budarick,C Budarick,Gold Coast SUNS,225300.0,-116200.0,-0.0,0.0,225300.0,0.0,198800.0,-26500.0,190700.0,-8100.0,2025-06-14,2389
Maurice Rioli,M Rioli,Richmond,225200.0,-69400.0,-0.0,0.0,225200.0,0.0,204900.0,-20300.0,189400.0,-15500.0,2025-06-14,2778
Hugh Bond,H Bond,Adelaide Crows,225200.0,0.0,,0.0,225200.0,0.0,225200.0,0.0,225200.0,0.0,2025-06-14,5404
Bailey Scott,B Scott,North Melbourne,225100.0,-172000.0,-0.0,0.0,201600.0,-23500.0,188300.0,-13300.0,175800.0,-12500.0,2025-06-14,1837
Jack Carroll,J Carroll,St Kilda,224500.0,0.0,,0.0,224500.0,0.0,226000.0,1500.0,231600.0,5600.0,2025-06-14,4055
Mason Cox,M Cox,Collingwood,224300.0,-83500.0,-0.0,0.0,224300.0,0.0,198000.0,-26300.0,184800.0,-13200.0,2025-06-14,809
Jhye Clark,J Clark,Geelong Cats,223500.0,-13900.0,-0.0,0.0,218200.0,-5300.0,201000.0,-17200.0,201000.0,0.0,2025-06-14,5543
Kieran Strachan,K Strachan,Adelaide Crows,223100.0,0.0,,0.0,223100.0,0.0,223100.0,0.0,223100.0,0.0,2025-06-14,1894
Isaiah Dudley,I Dudley,Fremantle,223000.0,123900.0,0.0,0.0,237700.0,14700.0,253100.0,15400.0,261300.0,8200.0,2025-06-14,9530
Jeremy Sharp,J Sharp,Fremantle,219300.0,-157600.0,-0.0,0.0,212500.0,-6800.0,196300.0,-16200.0,189200.0,-7100.0,2025-06-14,3721
Nicholas Coffield,N Coffield,Western Bulldogs,218200.0,0.0,,0.0,218200.0,0.0,218200.0,0.0,218300.0,100.0,2025-06-14,1707
Isaac Kako,I Kako,Essendon,217900.0,68400.0,6.0,3800.0,218500.0,600.0,213200.0,-5300.0,213200.0,0.0,2025-06-14,8522
Francis Evans,F Evans,Carlton,217800.0,-15400.0,-0.0,0.0,221500.0,3700.0,222900.0,1400.0,216400.0,-6500.0,2025-06-14,2582
Lachlan Cowan,L Cowan,Carlton,217200.0,-111800.0,-0.0,0.0,197200.0,-20000.0,191300.0,-5900.0,185600.0,-5700.0,2025-06-14,5277
Daniel Butler,D Butler,St Kilda,216500.0,0.0,,0.0,216500.0,0.0,233000.0,16500.0,227400.0,-5600.0,2025-06-14,1036
Orazio Fantasia,O Fantasia,Carlton,215100.0,0.0,,0.0,215100.0,0.0,215100.0,0.0,219100.0,4000.0,2025-06-14,277
Tyler Sonsie,T Sonsie,Richmond,213700.0,500.0,,19000.0,213700.0,0.0,231300.0,17600.0,239900.0,8600.0,2025-06-14,2717
Lachlan Keeffe,L Keeffe,GWS GIANTS,211300.0,31500.0,0.0,0.0,236600.0,25300.0,242500.0,5900.0,242500.0,0.0,2025-06-14,196
Lachie Sullivan,L Sullivan,Collingwood,210900.0,-72500.0,24.0,-17100.0,210900.0,0.0,195600.0,-15300.0,197100.0,1500.0,2025-06-14,1803
Archer Reid,A Reid,West Coast Eagles,210300.0,90400.0,-0.0,-100.0,219500.0,9200.0,219500.0,0.0,214300.0,-5200.0,2025-06-14,6500
Jacob Konstanty,J Konstanty,North Melbourne,210300.0,90400.0,-1.0,-1300.0,208400.0,-1900.0,208300.0,-100.0,207800.0,-500.0,2025-06-14,5417
Jed Bews,J Bews,Geelong Cats,209000.0,36800.0,0.0,0.0,219500.0,10500.0,232500.0,13000.0,232500.0,0.0,2025-06-14,464
Malcolm Rosas,M Rosas,Gold Coast SUNS,208300.0,-3700.0,-0.0,0.0,208300.0,0.0,195400.0,-12900.0,179300.0,-16100.0,2025-06-14,2602
Sean Lemmens,S Lemmens,Gold Coast SUNS,207500.0,0.0,,0.0,207500.0,0.0,207500.0,0.0,218300.0,10800.0,2025-06-14,611
Luke Breust,L Breust,Hawthorn,205300.0,-15000.0,-0.0,0.0,208300.0,3000.0,208300.0,0.0,200400.0,-7900.0,2025-06-14,312
Harvey Gallagher,H Gallagher,Western Bulldogs,205100.0,-43300.0,-0.0,0.0,184700.0,-20400.0,173200.0,-11500.0,177900.0,4700.0,2025-06-14,5036
Ollie Lord,O Lord,Port Adelaide,204200.0,-300.0,-0.0,0.0,194200.0,-10000.0,187300.0,-6900.0,194500.0,7200.0,2025-06-14,2983
Aaron Francis,A Francis,Sydney Swans,204000.0,-9800.0,290.0,-28400.0,204000.0,0.0,196700.0,-7300.0,205900.0,9200.0,2025-06-14,934
Seamus Mitchell,S Mitchell,Hawthorn,202100.0,0.0,,0.0,202100.0,0.0,202100.0,0.0,209400.0,7300.0,2025-06-14,2484
Harry Schoenberg,H Schoenberg,Adelaide Crows,201500.0,0.0,,0.0,201500.0,0.0,201500.0,0.0,201500.0,0.0,2025-06-14,3711
Jed Mc Entee,J Mc Entee,Port Adelaide,200600.0,0.0,,0.0,200600.0,0.0,198200.0,-2400.0,199500.0,1300.0,2025-06-14,5558
Conor Stone,C Stone,GWS GIANTS,199000.0,79100.0,0.0,0.0,217300.0,18300.0,233500.0,16200.0,233500.0,0.0,2025-06-14,3030
David Swallow,D Swallow,Gold Coast SUNS,198800.0,-34800.0,6.0,-2000.0,198800.0,0.0,205300.0,6500.0,222400.0,17100.0,2025-06-14,406
Reef Mc Innes,R Mc Innes,Collingwood,198500.0,-2100.0,-0.0,0.0,198500.0,0.0,188600.0,-9900.0,175100.0,-13500.0,2025-06-14,2922
Jonty Faull,J Faull,Richmond,198300.0,53300.0,7.0,3500.0,198300.0,0.0,204000.0,5700.0,204700.0,700.0,2025-06-14,9187
Jagga Smith,J Smith,Carlton,194500.0,0.0,,0.0,194500.0,0.0,194500.0,0.0,191500.0,-3000.0,2025-06-14,9351
Josh Sinn,J Sinn,Port Adelaide,194200.0,-35300.0,32.0,-11200.0,170400.0,-23800.0,165300.0,-5100.0,161400.0,-3900.0,2025-06-14,5295
Kaleb Smith,K Smith,Richmond,194200.0,73000.0,62.0,45000.0,194200.0,0.0,216900.0,22700.0,233300.0,16400.0,2025-06-14,7321
Steely Green,S Green,Richmond,194100.0,11400.0,-31.0,-3500.0,194100.0,0.0,197800.0,3700.0,193500.0,-4300.0,2025-06-14,7489
Luke Pedlar,L Pedlar,Adelaide Crows,192100.0,41700.0,100.0,41700.0,206100.0,14000.0,206100.0,0.0,204000.0,-2100.0,2025-06-14,4049
Will Brodie,W Brodie,Fremantle,191800.0,0.0,,0.0,191800.0,0.0,191800.0,0.0,236800.0,45000.0,2025-06-14,1397
Thomas Sims,T Sims,Richmond,190200.0,76700.0,17.0,13000.0,190200.0,0.0,200300.0,10100.0,197100.0,-3200.0,2025-06-14,9279
Jye Menzie,J Menzie,Essendon,189600.0,6800.0,0.0,0.0,162200.0,-27400.0,152600.0,-9600.0,152600.0,0.0,2025-06-14,3367
Tobie Travaglia,T Travaglia,St Kilda,189200.0,17200.0,0.0,0.0,203900.0,14700.0,207700.0,3800.0,206600.0,-1100.0,2025-06-14,8498
Mitchell Knevitt,M Knevitt,Geelong Cats,188900.0,39100.0,0.0,0.0,208500.0,19600.0,219500.0,11000.0,219500.0,0.0,2025-06-14,5176
Matt Carroll,M Carroll,Carlton,187400.0,88300.0,-2.0,-1600.0,191500.0,4100.0,193300.0,1800.0,199000.0,5700.0,2025-06-14,6702
Clay Hall,C Hall,West Coast Eagles,187100.0,57600.0,0.0,0.0,213800.0,26700.0,213800.0,0.0,227800.0,14000.0,2025-06-14,7519
Finn Maginness,F Maginness,Hawthorn,186700.0,-71900.0,44.0,-31300.0,166700.0,-20000.0,166700.0,0.0,161600.0,-5100.0,2025-06-14,2812
Jai Serong,J Serong,Hawthorn,185400.0,0.0,,0.0,185400.0,0.0,185400.0,0.0,185400.0,0.0,2025-06-14,5107
Dylan Williams,D Williams,Port Adelaide,183600.0,0.0,,0.0,183600.0,0.0,183600.0,0.0,192700.0,9100.0,2025-06-14,2620
Liam O Connell,L O Connell,St Kilda,181700.0,61800.0,0.0,0.0,187700.0,6000.0,183300.0,-4400.0,184100.0,800.0,2025-06-14,3716
Jaxon Binns,J Binns,Carlton,181600.0,10600.0,0.0,0.0,185900.0,4300.0,186900.0,1000.0,207900.0,21000.0,2025-06-14,5425
Wil Parker,W Parker,Collingwood,181000.0,0.0,,0.0,181000.0,0.0,181000.0,0.0,189900.0,8900.0,2025-06-14,2479
Joel Hamling,J Hamling,Sydney Swans,179100.0,19500.0,0.0,0.0,179100.0,0.0,185900.0,6800.0,190400.0,4500.0,2025-06-14,458
Mitchell Lewis,M Lewis,Hawthorn,178900.0,0.0,,0.0,178900.0,0.0,178900.0,0.0,178900.0,0.0,2025-06-14,1333
Angus Clarke,A Clarke,Essendon,177600.0,64100.0,100.0,64100.0,206900.0,29300.0,233700.0,26800.0,233700.0,0.0,2025-06-14,9950
Will White,W White,Carlton,177500.0,78400.0,-14.0,-10700.0,178900.0,1400.0,175500.0,-3400.0,177900.0,2400.0,2025-06-14,6586
Josh Smillie,J Smillie,Richmond,176500.0,0.0,,0.0,176500.0,0.0,176500.0,0.0,176500.0,0.0,2025-06-14,8507
Tyrell Dewar,T Dewar,West Coast Eagles,176200.0,9900.0,260.0,25700.0,208400.0,32200.0,208400.0,0.0,225200.0,16800.0,2025-06-14,7576
Campbell Gray,C Gray,Richmond,173500.0,53600.0,0.0,0.0,173500.0,0.0,218000.0,44500.0,237100.0,19100.0,2025-06-14,12567
Ethan Read,E Read,Gold Coast SUNS,172900.0,3700.0,0.0,0.0,172900.0,0.0,169300.0,-3600.0,168800.0,-500.0,2025-06-14,6525
Jake Rogers,J Rogers,Gold Coast SUNS,170600.0,-39500.0,-0.0,0.0,170600.0,0.0,148600.0,-22000.0,134900.0,-13700.0,2025-06-14,6485
Angus Mc Lennan,A Mc Lennan,St Kilda,169700.0,0.0,,0.0,169700.0,0.0,181100.0,11400.0,197500.0,16400.0,2025-06-14,5231
Henry Hustwaite,H Hustwaite,Hawthorn,169600.0,48400.0,0.0,0.0,193900.0,24300.0,193900.0,0.0,195000.0,1100.0,2025-06-14,5410
Henry Smith,H Smith,Brisbane Lions,169200.0,0.0,,0.0,169200.0,0.0,169200.0,0.0,169200.0,0.0,2025-06-14,4053
Noah Long,N Long,West Coast Eagles,168600.0,-66900.0,-0.0,0.0,187400.0,18800.0,187400.0,0.0,198600.0,11200.0,2025-06-14,5375
Saad El Hawli,S E Hawli,Essendon,167900.0,48000.0,0.0,0.0,193500.0,25600.0,200100.0,6600.0,200100.0,0.0,2025-06-14,3440
Harry Sharp,H Sharp,Melbourne,167800.0,-21300.0,-0.0,0.0,171300.0,3500.0,171300.0,0.0,182700.0,11400.0,2025-06-14,2670
Leo Lombard,L Lombard,Gold Coast SUNS,167500.0,0.0,,0.0,167500.0,0.0,156000.0,-11500.0,147900.0,-8100.0,2025-06-14,9246
Tom Gross,T Gross,West Coast Eagles,167300.0,53800.0,0.0,0.0,167400.0,100.0,167400.0,0.0,165700.0,-1700.0,2025-06-14,8579
Jack Henderson,J Henderson,Melbourne,166900.0,67800.0,0.0,0.0,162200.0,-4700.0,162200.0,0.0,163600.0,1400.0,2025-06-14,5007
Isaac Keeler,I Keeler,St Kilda,165900.0,46000.0,0.0,0.0,198200.0,32300.0,210100.0,11900.0,208300.0,-1800.0,2025-06-14,8634
Jacob Bauer,J Bauer,Richmond,163500.0,-52800.0,-0.0,0.0,163500.0,0.0,133200.0,-30300.0,120600.0,-12600.0,2025-06-14,5516
Jai Culley,J Culley,Melbourne,163400.0,0.0,,0.0,163400.0,0.0,163400.0,0.0,163400.0,0.0,2025-06-14,5064
Alix Tauru,A Tauru,St Kilda,163000.0,0.0,,0.0,163000.0,0.0,163000.0,0.0,160300.0,-2700.0,2025-06-14,9230
Tom Hanily,T Hanily,Sydney Swans,158700.0,38800.0,-89.0,-34600.0,158700.0,0.0,138500.0,-20200.0,135900.0,-2600.0,2025-06-14,6489
Shane Mc Adam,S Mc Adam,Melbourne,158400.0,0.0,,0.0,158400.0,0.0,158400.0,0.0,158400.0,0.0,2025-06-14,1924
Ben Paton,B Paton,Sydney Swans,158200.0,24800.0,0.0,0.0,158200.0,0.0,154500.0,-3700.0,154400.0,-100.0,2025-06-14,1765
Taj Hotton,T Hotton,Richmond,154000.0,0.0,,0.0,154000.0,0.0,154000.0,0.0,154000.0,0.0,2025-06-14,9427
Robert Hansen,R Hansen,North Melbourne,153600.0,-12100.0,191.0,-23100.0,144000.0,-9600.0,145300.0,1300.0,155500.0,10200.0,2025-06-14,7536
Josh Gibcus,J Gibcus,Richmond,153600.0,0.0,,0.0,153600.0,0.0,153600.0,0.0,153600.0,0.0,2025-06-14,5157
Hugh Boxshall,H Boxshall,St Kilda,153400.0,39900.0,0.0,0.0,161500.0,8100.0,174200.0,12700.0,187500.0,13300.0,2025-06-14,11281
Bailey Laurie,B Laurie,Melbourne,152800.0,0.0,,0.0,152800.0,0.0,152800.0,0.0,139900.0,-12900.0,2025-06-14,2805
Zane Duursma,Z Duursma,North Melbourne,152700.0,-41700.0,-0.0,0.0,130900.0,-21800.0,115700.0,-15200.0,114700.0,-1000.0,2025-06-14,5423
Taj Woewodin,T Woewodin,Melbourne,152600.0,0.0,,0.0,152600.0,0.0,152600.0,0.0,158700.0,6100.0,2025-06-14,5690
Aidan Johnson,A Johnson,Melbourne,152300.0,38800.0,0.0,0.0,153200.0,900.0,153200.0,0.0,159200.0,6000.0,2025-06-14,5627
Josh Goater,J Goater,North Melbourne,151400.0,0.0,,0.0,151400.0,0.0,151400.0,0.0,186200.0,34800.0,2025-06-14,2487
Jack Martin,J Martin,Geelong Cats,150900.0,0.0,,0.0,150900.0,0.0,154800.0,3900.0,154800.0,0.0,2025-06-14,222
Cody Angove,C Angove,GWS GIANTS,149700.0,36200.0,0.0,0.0,164600.0,14900.0,170200.0,5600.0,170200.0,0.0,2025-06-14,11287
Harvey Johnston,H Johnston,West Coast Eagles,148700.0,0.0,,0.0,148700.0,0.0,148700.0,0.0,148700.0,0.0,2025-06-14,6701
Tom Campbell,T Campbell,Melbourne,147100.0,0.0,,0.0,147100.0,0.0,147100.0,0.0,147100.0,0.0,2025-06-14,693
Alwyn Davey,A Davey,Essendon,146600.0,0.0,,0.0,146600.0,0.0,146600.0,0.0,146600.0,0.0,2025-06-14,6634
Ryan Gardner,R Gardner,Western Bulldogs,145800.0,0.0,,0.0,145800.0,0.0,150600.0,4800.0,156800.0,6200.0,2025-06-14,900
Quinton Narkle,Q Narkle,Fremantle,144900.0,0.0,,0.0,141900.0,-3000.0,146400.0,4500.0,141700.0,-4700.0,2025-06-14,1393
Finnbar Maley,F Maley,North Melbourne,143500.0,23600.0,0.0,0.0,157800.0,14300.0,165700.0,7900.0,168800.0,3100.0,2025-06-14,8920
Will Dawson,W Dawson,North Melbourne,143300.0,0.0,,0.0,143300.0,0.0,143300.0,0.0,156300.0,13000.0,2025-06-14,3261
Cooper Simpson,C Simpson,Fremantle,143100.0,23200.0,0.0,0.0,154800.0,11700.0,149700.0,-5100.0,163700.0,14000.0,2025-06-14,6403
Joe Berry,J Berry,Port Adelaide,139000.0,-1500.0,-0.0,0.0,137200.0,-1800.0,127500.0,-9700.0,127400.0,-100.0,2025-06-14,9296
Anthony Scott,A Scott,Western Bulldogs,138500.0,0.0,,0.0,138500.0,0.0,138500.0,0.0,144800.0,6300.0,2025-06-14,4203
Josh Dolan,J Dolan,Western Bulldogs,137900.0,24400.0,-40.0,-9800.0,124000.0,-13900.0,123900.0,-100.0,130400.0,6500.0,2025-06-14,11957
Miller Bergman,M Bergman,North Melbourne,137900.0,0.0,,0.0,137900.0,0.0,137900.0,0.0,145700.0,7800.0,2025-06-14,2723
Arthur Jones,A Jones,Western Bulldogs,135100.0,-15800.0,-0.0,0.0,129000.0,-6100.0,121400.0,-7600.0,116600.0,-4800.0,2025-06-14,5703
Angus Hastie,A Hastie,St Kilda,134400.0,14500.0,0.0,0.0,135500.0,1100.0,132000.0,-3500.0,134700.0,2700.0,2025-06-14,6541
Ash Johnson,A Johnson,Collingwood,134000.0,0.0,,0.0,134000.0,0.0,134000.0,0.0,134000.0,0.0,2025-06-14,5557
Lance Collard,L Collard,St Kilda,133000.0,13100.0,0.0,0.0,114700.0,-18300.0,110400.0,-4300.0,109800.0,-600.0,2025-06-14,7451
Liam Reidy,L Reidy,Fremantle,132600.0,0.0,,0.0,132600.0,0.0,148300.0,15700.0,162600.0,14300.0,2025-06-14,4806
Callum Coleman Jones,C C Jones,North Melbourne,128200.0,0.0,,0.0,128200.0,0.0,128200.0,0.0,131900.0,3700.0,2025-06-14,1754
Max Ramsden,M Ramsden,Hawthorn,128200.0,0.0,,0.0,128200.0,0.0,128200.0,0.0,151800.0,23600.0,2025-06-14,6683
Hamish Davis,H Davis,West Coast Eagles,127300.0,13800.0,0.0,0.0,141300.0,14000.0,141300.0,0.0,147800.0,6500.0,2025-06-14,11298
Oliver Hannaford,O Hannaford,GWS GIANTS,127000.0,0.0,,0.0,127000.0,0.0,127000.0,0.0,127000.0,0.0,2025-06-14,8575
Sam Butler,S Butler,Hawthorn,126600.0,0.0,,0.0,126600.0,0.0,126600.0,0.0,143500.0,16900.0,2025-06-14,5124
Harry Armstrong,H Armstrong,Richmond,125900.0,12400.0,0.0,0.0,125900.0,0.0,121400.0,-4500.0,132200.0,10800.0,2025-06-14,9371
Bailey Macdonald,B Macdonald,Hawthorn,125500.0,5600.0,0.0,0.0,136500.0,11000.0,136500.0,0.0,139300.0,2800.0,2025-06-14,8448
Harrison Oliver,H Oliver,GWS GIANTS,122500.0,0.0,,0.0,122500.0,0.0,122500.0,0.0,122500.0,0.0,2025-06-14,8430
Rhett Bazzo,R Bazzo,West Coast Eagles,121200.0,0.0,,0.0,121200.0,0.0,121200.0,0.0,121200.0,0.0,2025-06-14,5699
Archer Day Wicks,A D Wicks,Essendon,121000.0,21900.0,24.0,5200.0,120400.0,-600.0,119900.0,-500.0,119900.0,0.0,2025-06-14,8454
Ted Clohesy,T Clohesy,Geelong Cats,120000.0,100.0,,16900.0,133400.0,13400.0,152100.0,18700.0,152100.0,0.0,2025-06-14,5544
Lachlan Mc Andrew,L Mc Andrew,Adelaide Crows,119900.0,0.0,,0.0,119900.0,0.0,119900.0,0.0,119900.0,0.0,2025-06-14,4951
Caleb Graham,C Graham,Gold Coast SUNS,119900.0,0.0,,0.0,119900.0,0.0,119900.0,0.0,119900.0,0.0,2025-06-14,1911
Darcy Craven,D Craven,Brisbane Lions,119900.0,0.0,,0.0,119900.0,0.0,119900.0,0.0,119900.0,0.0,2025-06-14,8087
Mate Colina,M Colina,Richmond,119900.0,0.0,,0.0,119900.0,0.0,119900.0,0.0,119900.0,0.0,2025-06-14,4072
Bodie Ryan,B Ryan,Hawthorn,119900.0,0.0,,0.0,119900.0,0.0,119900.0,0.0,119900.0,0.0,2025-06-14,9721
Max Gruzewski,M Gruzewski,GWS GIANTS,119900.0,0.0,,0.0,129200.0,9300.0,120700.0,-8500.0,120700.0,0.0,2025-06-14,6638
Billy Wilson,B Wilson,Carlton,119900.0,0.0,,0.0,119900.0,0.0,119900.0,0.0,117800.0,-2100.0,2025-06-14,6442
Lachlan Charleson,L Charleson,Port Adelaide,119900.0,0.0,,0.0,119900.0,0.0,119900.0,0.0,117800.0,-2100.0,2025-06-14,6549
Oscar Mc Donald,O Mc Donald,Fremantle,119900.0,0.0,,0.0,172600.0,52700.0,213700.0,41100.0,230900.0,17200.0,2025-06-14,926
Jordan Croft,J Croft,Western Bulldogs,119900.0,0.0,,0.0,119900.0,0.0,119900.0,0.0,117800.0,-2100.0,2025-06-14,6385
Charlie Edwards,C Edwards,Adelaide Crows,119900.0,0.0,,0.0,119900.0,0.0,119900.0,0.0,119900.0,0.0,2025-06-14,8381
Ashton Moir,A Moir,Carlton,119900.0,0.0,,0.0,119900.0,0.0,108500.0,-11400.0,109800.0,1300.0,2025-06-14,9627
Harry Demattia,H Demattia,Collingwood,119900.0,0.0,,0.0,119900.0,0.0,119900.0,0.0,119900.0,0.0,2025-06-14,6453
Caleb Mitchell,C Mitchell,Sydney Swans,119900.0,0.0,,0.0,119900.0,0.0,119900.0,0.0,128800.0,8900.0,2025-06-14,5615
Tew Jiath,T Jiath,Collingwood,119900.0,0.0,,0.0,119900.0,0.0,119900.0,0.0,119900.0,0.0,2025-06-14,9264
Luke Lloyd,L Lloyd,Brisbane Lions,119900.0,0.0,,0.0,119900.0,0.0,119900.0,0.0,119900.0,0.0,2025-06-14,6741
Ollie Murphy,O Murphy,Fremantle,119900.0,0.0,,0.0,119900.0,0.0,119900.0,0.0,117800.0,-2100.0,2025-06-14,6768
Mitchell Edwards,M Edwards,Geelong Cats,119900.0,0.0,,0.0,119900.0,0.0,119900.0,0.0,119900.0,0.0,2025-06-14,7501
Jack Buller,J Buller,Sydney Swans,119900.0,0.0,,0.0,119900.0,0.0,119900.0,0.0,119900.0,0.0,2025-06-14,6858
Patrick Snell,P Snell,Sydney Swans,119900.0,0.0,,0.0,119900.0,0.0,119900.0,0.0,119900.0,0.0,2025-06-14,9038
James Tunstill,J Tunstill,Brisbane Lions,119900.0,0.0,,0.0,147900.0,28000.0,151300.0,3400.0,151300.0,0.0,2025-06-14,5673
Tom Anastasopoulos,T Anastasopoulos,Port Adelaide,119900.0,0.0,,0.0,119900.0,0.0,119900.0,0.0,117800.0,-2100.0,2025-06-14,6560
Jack Delean,J Delean,Fremantle,119900.0,0.0,,0.0,119900.0,0.0,119900.0,0.0,117800.0,-2100.0,2025-06-14,10120
Oscar Ryan,O Ryan,Adelaide Crows,119900.0,0.0,,0.0,119900.0,0.0,119900.0,0.0,119900.0,0.0,2025-06-14,6623
George Stevens,G Stevens,Geelong Cats,119900.0,0.0,,0.0,119900.0,0.0,119900.0,0.0,119900.0,0.0,2025-06-14,5421
Phoenix Gothard,P Gothard,GWS GIANTS,119900.0,0.0,,0.0,119900.0,0.0,119900.0,0.0,119900.0,0.0,2025-06-14,9299
William Mc Cabe,W Mc Cabe,Hawthorn,119900.0,0.0,,0.0,119900.0,0.0,119900.0,0.0,119900.0,0.0,2025-06-14,9672
James Leake,J Leake,GWS GIANTS,119900.0,0.0,,0.0,135400.0,15500.0,131400.0,-4000.0,131400.0,0.0,2025-06-14,9439
Will Lorenz,W Lorenz,Port Adelaide,119900.0,0.0,,0.0,119900.0,0.0,158900.0,39000.0,167800.0,8900.0,2025-06-14,8447
Liam Fawcett,L Fawcett,Richmond,119900.0,0.0,,0.0,119900.0,0.0,119900.0,0.0,123000.0,3100.0,2025-06-14,9613
Will Green,W Green,Sydney Swans,119900.0,0.0,,0.0,119900.0,0.0,119900.0,0.0,119900.0,0.0,2025-06-14,6600
Loch Rawlinson,L Rawlinson,West Coast Eagles,119900.0,0.0,,0.0,119900.0,0.0,119900.0,0.0,119900.0,0.0,2025-06-14,10275
Lachlan Smith,L Smith,Western Bulldogs,119900.0,0.0,,0.0,119900.0,0.0,119900.0,0.0,117800.0,-2100.0,2025-06-14,6524
Luamon Lual,L Lual,Essendon,119900.0,0.0,,0.0,119900.0,0.0,127500.0,7600.0,127500.0,0.0,2025-06-14,6567
Taylor Goad,T Goad,North Melbourne,119900.0,0.0,,0.0,119900.0,0.0,119900.0,0.0,117800.0,-2100.0,2025-06-14,11031
James Blanck,J Blanck,Hawthorn,119900.0,0.0,,0.0,119900.0,0.0,119900.0,0.0,119900.0,0.0,2025-06-14,2447
Oliver Wiltshire,O Wiltshire,Geelong Cats,119900.0,0.0,,0.0,131000.0,11100.0,140200.0,9200.0,140200.0,0.0,2025-06-14,5134
Jedd Busslinger,J Busslinger,Western Bulldogs,119900.0,0.0,,0.0,127100.0,7200.0,118700.0,-8400.0,122100.0,3400.0,2025-06-14,7959
Coen Livingstone,C Livingstone,West Coast Eagles,119900.0,0.0,,0.0,119900.0,0.0,119900.0,0.0,119900.0,0.0,2025-06-14,7593
Harry Rowston,H Rowston,GWS GIANTS,119900.0,0.0,,0.0,119900.0,0.0,106300.0,-13600.0,106300.0,0.0,2025-06-14,5550
Wade Derksen,W Derksen,GWS GIANTS,119900.0,0.0,,0.0,119900.0,0.0,119900.0,0.0,119900.0,0.0,2025-06-14,2886
Reece Torrent,R Torrent,Brisbane Lions,119900.0,0.0,,0.0,119900.0,0.0,119900.0,0.0,119900.0,0.0,2025-06-14,7482
Nathan Wardius,N Wardius,GWS GIANTS,119900.0,0.0,,0.0,119900.0,0.0,119900.0,0.0,119900.0,0.0,2025-06-14,11935
Kynan Brown,K Brown,Melbourne,119900.0,0.0,,0.0,119900.0,0.0,119900.0,0.0,119900.0,0.0,2025-06-14,6692
Nick Madden,N Madden,GWS GIANTS,119900.0,0.0,,0.0,119900.0,0.0,154500.0,34600.0,154500.0,0.0,2025-06-14,5466
Judson Clarke,J Clarke,Richmond,119900.0,0.0,,0.0,119900.0,0.0,119900.0,0.0,119900.0,0.0,2025-06-14,5068
Karl Gallagher,K Gallagher,Adelaide Crows,119900.0,0.0,,0.0,119900.0,0.0,119900.0,0.0,119900.0,0.0,2025-06-14,12083
Zane Zakostelsky,Z Zakostelsky,Brisbane Lions,119900.0,0.0,,0.0,119900.0,0.0,119900.0,0.0,119900.0,0.0,2025-06-14,11333
Tom Fullarton,T Fullarton,Melbourne,119900.0,0.0,,0.0,136800.0,16900.0,136800.0,0.0,155900.0,19100.0,2025-06-14,1771
Rob Monahan,R Monahan,Carlton,119900.0,0.0,,0.0,119900.0,0.0,119900.0,0.0,117800.0,-2100.0,2025-06-14,12079
Oliver Sestan,O Sestan,Melbourne,119900.0,0.0,,0.0,119900.0,0.0,119900.0,0.0,119900.0,0.0,2025-06-14,8630
Vigo Visentini,V Visentini,Essendon,119900.0,0.0,,0.0,119900.0,0.0,119900.0,0.0,119900.0,0.0,2025-06-14,6698
Xavier Walsh,X Walsh,Port Adelaide,119900.0,0.0,,0.0,119900.0,0.0,119900.0,0.0,117800.0,-2100.0,2025-06-14,11321
Brayden George,B George,North Melbourne,119900.0,0.0,,0.0,119900.0,0.0,119900.0,0.0,117800.0,-2100.0,2025-06-14,5470
Oliver Hayes Brown,O H Brown,Richmond,119900.0,0.0,,0.0,119900.0,0.0,119900.0,0.0,119900.0,0.0,2025-06-14,12081
Jed Adams,J Adams,Melbourne,119900.0,0.0,,0.0,119900.0,0.0,119900.0,0.0,119900.0,0.0,2025-06-14,7414
Odin Jones,O Jones,Fremantle,119900.0,0.0,,0.0,119900.0,0.0,119900.0,0.0,117800.0,-2100.0,2025-06-14,7721
Indhi Kirk,I Kirk,Sydney Swans,119900.0,0.0,,0.0,119900.0,0.0,119900.0,0.0,119900.0,0.0,2025-06-14,6687
Will Verrall,W Verrall,Melbourne,119900.0,0.0,,0.0,119900.0,0.0,119900.0,0.0,119900.0,0.0,2025-06-14,8628
Cooper Harvey,C Harvey,North Melbourne,119900.0,0.0,,0.0,119900.0,0.0,119900.0,0.0,128300.0,8400.0,2025-06-14,6581
Max Knobel,M Knobel,Gold Coast SUNS,119900.0,0.0,,0.0,119900.0,0.0,119900.0,0.0,119900.0,0.0,2025-06-14,6531
Brandon Ryan,B Ryan,Brisbane Lions,119900.0,0.0,,0.0,119900.0,0.0,119900.0,0.0,119900.0,0.0,2025-06-14,8921
Will Edwards,W Edwards,Sydney Swans,119900.0,0.0,,0.0,119900.0,0.0,119900.0,0.0,119900.0,0.0,2025-06-14,5488
Harry Barnett,H Barnett,West Coast Eagles,119900.0,0.0,,0.0,119900.0,0.0,119900.0,0.0,119900.0,0.0,2025-06-14,8637
Hudson O Keeffe,H O Keeffe,Carlton,119900.0,0.0,,0.0,119900.0,0.0,142500.0,22600.0,145100.0,2600.0,2025-06-14,5529
Hugh Jackson,H Jackson,Port Adelaide,119900.0,0.0,,0.0,137700.0,17800.0,154000.0,16300.0,153600.0,-400.0,2025-06-14,5693
Josh Fahey,J Fahey,GWS GIANTS,119900.0,0.0,,0.0,119900.0,0.0,119900.0,0.0,119900.0,0.0,2025-06-14,4884
Harry Lemmey,H Lemmey,Carlton,119900.0,0.0,,0.0,119900.0,0.0,119900.0,0.0,117800.0,-2100.0,2025-06-14,8621
Jakob Ryan,J Ryan,Collingwood,119900.0,0.0,,0.0,119900.0,0.0,119900.0,0.0,119900.0,0.0,2025-06-14,8623
Lewis Hayes,L Hayes,Essendon,119900.0,0.0,,0.0,119900.0,0.0,144300.0,24400.0,144300.0,0.0,2025-06-14,5392
Hugh Davies,H Davies,Fremantle,119900.0,0.0,,0.0,119900.0,0.0,119900.0,0.0,123000.0,3100.0,2025-06-14,7313
Toby Murray,T Murray,Adelaide Crows,119900.0,0.0,,0.0,119900.0,0.0,119900.0,0.0,119900.0,0.0,2025-06-14,5185
Luke Beecken,L Beecken,Brisbane Lions,119900.0,0.0,,0.0,119900.0,0.0,119900.0,0.0,119900.0,0.0,2025-06-14,10205
Geordie Payne,G Payne,North Melbourne,119900.0,0.0,,0.0,119900.0,0.0,119900.0,0.0,117800.0,-2100.0,2025-06-14,6735
Luker Kentfield,L Kentfield,Melbourne,119900.0,0.0,,0.0,119900.0,0.0,119900.0,0.0,119900.0,0.0,2025-06-14,7630
Oscar Steene,O Steene,Collingwood,119900.0,0.0,,0.0,119900.0,0.0,119900.0,0.0,119900.0,0.0,2025-06-14,8638
Jy Farrar,J Farrar,Gold Coast SUNS,119900.0,0.0,,0.0,119900.0,0.0,119900.0,0.0,119900.0,0.0,2025-06-14,3722
Iliro Smit,I Smit,Collingwood,119900.0,0.0,,0.0,119900.0,0.0,119900.0,0.0,119900.0,0.0,2025-06-14,6467
Max Heath,M Heath,St Kilda,119900.0,0.0,,0.0,119900.0,0.0,119900.0,0.0,117800.0,-2100.0,2025-06-14,3033
Jasper Scaife,J Scaife,Hawthorn,119900.0,0.0,,0.0,119900.0,0.0,119900.0,0.0,119900.0,0.0,2025-06-14,7625
Tom Cochrane,T Cochrane,Port Adelaide,118300.0,19200.0,0.0,0.0,141300.0,23000.0,146900.0,5600.0,147500.0,600.0,2025-06-14,9611
Bo Allan,B Allan,West Coast Eagles,117700.0,-18300.0,100.0,-18300.0,97600.0,-20100.0,97600.0,0.0,97600.0,0.0,2025-06-14,8325
Sid Draper,S Draper,Adelaide Crows,114000.0,-76000.0,-0.0,0.0,103700.0,-10300.0,103700.0,0.0,97800.0,-5900.0,2025-06-14,10256
Patrick Said,P Said,St Kilda,113500.0,0.0,,0.0,113500.0,0.0,113500.0,0.0,111700.0,-1800.0,2025-06-14,9080
Jasper Alger,J Alger,Richmond,113500.0,0.0,,0.0,113500.0,0.0,113500.0,0.0,113500.0,0.0,2025-06-14,8588
Alex Dodson,A Dodson,St Kilda,113500.0,0.0,,0.0,113500.0,0.0,113500.0,0.0,111700.0,-1800.0,2025-06-14,10708
Joel Cochran,J Cochran,Collingwood,113500.0,0.0,,0.0,113500.0,0.0,113500.0,0.0,113500.0,0.0,2025-06-14,9376
Cody Anderson,C Anderson,Hawthorn,113500.0,0.0,,0.0,113500.0,0.0,113500.0,0.0,113500.0,0.0,2025-06-14,8416
Harry O Farrell,H O Farrell,Carlton,113500.0,0.0,,0.0,113500.0,0.0,129400.0,15900.0,131400.0,2000.0,2025-06-14,692
Keighton Matofai Forbes,K M Forbes,Geelong Cats,113500.0,0.0,,0.0,113500.0,0.0,113500.0,0.0,113500.0,0.0,2025-06-14,9486
Will Hayes,W Hayes,Collingwood,113500.0,0.0,,0.0,113500.0,0.0,136000.0,22500.0,146500.0,10500.0,2025-06-14,11327
Jesse Dattoli,J Dattoli,Sydney Swans,113500.0,0.0,,0.0,113500.0,0.0,113500.0,0.0,113500.0,0.0,2025-06-14,8509
Sam Marshall,S Marshall,Brisbane Lions,113500.0,0.0,,0.0,113500.0,0.0,106000.0,-7500.0,106000.0,0.0,2025-06-14,9042
Jaren Carr,J Carr,Fremantle,113500.0,0.0,,0.0,113500.0,0.0,113500.0,0.0,111700.0,-1800.0,2025-06-14,7505
Jobe Shanahan,J Shanahan,West Coast Eagles,113500.0,0.0,,0.0,113500.0,0.0,113500.0,0.0,113500.0,0.0,2025-06-14,9050
Tyler Welsh,T Welsh,Adelaide Crows,113500.0,0.0,,0.0,113500.0,0.0,113500.0,0.0,113500.0,0.0,2025-06-14,10575
Charlie West,C West,Collingwood,113500.0,0.0,,0.0,113500.0,0.0,113500.0,0.0,113500.0,0.0,2025-06-14,10794
Lennox Hoffman,L Hoffman,Geelong Cats,113500.0,0.0,,0.0,113500.0,0.0,113500.0,0.0,113500.0,0.0,2025-06-14,9457
Jack Ough,J Ough,GWS GIANTS,113500.0,0.0,,0.0,113500.0,0.0,113500.0,0.0,113500.0,0.0,2025-06-14,8429
Lachie Jaques,L Jaques,Western Bulldogs,113500.0,0.0,,0.0,113500.0,0.0,113500.0,0.0,111700.0,-1800.0,2025-06-14,9248
Lucas Camporeale,L Camporeale,Carlton,113500.0,0.0,,0.0,146700.0,33200.0,161400.0,14700.0,164400.0,3000.0,2025-06-14,9674
Ben Camporeale,B Camporeale,Carlton,113500.0,0.0,,0.0,113500.0,0.0,113500.0,0.0,111700.0,-1800.0,2025-06-14,9932
Charlie Nicholls,C Nicholls,Fremantle,113500.0,0.0,,0.0,113500.0,0.0,113500.0,0.0,111700.0,-1800.0,2025-06-14,9905
Ty Gallop,T Gallop,Brisbane Lions,113500.0,0.0,,0.0,113500.0,0.0,117900.0,4400.0,117900.0,0.0,2025-06-14,12141
James Barrat,J Barrat,St Kilda,113500.0,0.0,,0.0,113500.0,0.0,113500.0,0.0,111700.0,-1800.0,2025-06-14,9037
River Stevens,R Stevens,North Melbourne,113500.0,0.0,,0.0,113500.0,0.0,113500.0,0.0,111700.0,-1800.0,2025-06-14,9237
Lucca Grego,L Grego,West Coast Eagles,113500.0,0.0,,0.0,113500.0,0.0,113500.0,0.0,113500.0,0.0,2025-06-14,8511
Luke Kennedy,L Kennedy,Western Bulldogs,113500.0,0.0,,0.0,113500.0,0.0,113500.0,0.0,111700.0,-1800.0,2025-06-14,9475
Jack Whitlock,J Whitlock,Port Adelaide,113500.0,0.0,,0.0,113500.0,0.0,113500.0,0.0,111700.0,-1800.0,2025-06-14,9320
Logan Smith,L Smith,GWS GIANTS,113500.0,0.0,,0.0,113500.0,0.0,113500.0,0.0,113500.0,0.0,2025-06-14,9221
Zak Johnson,Z Johnson,Essendon,113500.0,0.0,,0.0,159500.0,46000.0,189500.0,30000.0,189500.0,0.0,2025-06-14,8418
Matt Whitlock,M Whitlock,North Melbourne,113500.0,0.0,,0.0,113500.0,0.0,117000.0,3500.0,116900.0,-100.0,2025-06-14,9273
Ned Bowman,N Bowman,Sydney Swans,113500.0,0.0,,0.0,113500.0,0.0,113500.0,0.0,113500.0,0.0,2025-06-14,10298
Jacob Molier,J Molier,Geelong Cats,113500.0,0.0,,0.0,113500.0,0.0,113500.0,0.0,113500.0,0.0,2025-06-14,10640
Noah Mraz,N Mraz,Hawthorn,113500.0,0.0,,0.0,113500.0,0.0,113500.0,0.0,113500.0,0.0,2025-06-14,8506
Jay Polkinghorne,J Polkinghorne,Geelong Cats,113500.0,0.0,,0.0,113500.0,0.0,113500.0,0.0,113500.0,0.0,2025-06-14,10405
Kayle Gerreyn,K Gerreyn,Essendon,113500.0,0.0,,0.0,113500.0,0.0,113500.0,0.0,113500.0,0.0,2025-06-14,11568
Rhys Unwin,R Unwin,Essendon,113500.0,0.0,,0.0,113500.0,0.0,113500.0,0.0,113500.0,0.0,2025-06-14,9202
Luke Urquhart,L Urquhart,North Melbourne,113500.0,0.0,,0.0,113500.0,0.0,113500.0,0.0,111700.0,-1800.0,2025-06-14,8434
Cooper Bell,C Bell,Gold Coast SUNS,113500.0,0.0,,0.0,113500.0,0.0,113500.0,0.0,113500.0,0.0,2025-06-14,9198
Riak Andrew,R Andrew,Sydney Swans,113500.0,0.0,,0.0,113500.0,0.0,113500.0,0.0,113500.0,0.0,2025-06-14,6426
Cooper Hynes,C Hynes,Western Bulldogs,108900.0,-9100.0,-0.0,0.0,104300.0,-4600.0,97600.0,-6700.0,97600.0,0.0,2025-06-14,8502
Deven Robertson,D Robertson,Brisbane Lions,107300.0,-13900.0,100.0,-13900.0,104500.0,-2800.0,101100.0,-3400.0,101100.0,0.0,2025-06-14,3713
Matthew Jefferson,M Jefferson,Melbourne,107100.0,-12800.0,-0.0,0.0,97600.0,-9500.0,97600.0,0.0,97600.0,0.0,2025-06-14,5498
Will Mc Lachlan,W Mc Lachlan,Brisbane Lions,102200.0,-17700.0,-0.0,0.0,97600.0,-4600.0,98200.0,600.0,98200.0,0.0,2025-06-14,8472
Jacob Moss,J Moss,Port Adelaide,99100.0,0.0,,0.0,99100.0,0.0,99100.0,0.0,97600.0,-1500.0,2025-06-14,13923
Eamonn Armstrong,E Armstrong,St Kilda,99100.0,0.0,,0.0,99100.0,0.0,99100.0,0.0,97600.0,-1500.0,2025-06-14,13967
Asher Eastham,A Eastham,Gold Coast SUNS,99100.0,0.0,,0.0,99100.0,0.0,99100.0,0.0,99100.0,0.0,2025-06-14,9218
Patrick Retschko,P Retschko,Geelong Cats,99100.0,0.0,,0.0,99100.0,0.0,99100.0,0.0,99100.0,0.0,2025-06-14,9366
Tom Edwards,T Edwards,Essendon,99100.0,0.0,,0.0,109000.0,9900.0,105300.0,-3700.0,105300.0,0.0,2025-06-14,7531
Liam Mc Mahon,L Mc Mahon,Essendon,99100.0,0.0,,0.0,99100.0,0.0,99100.0,0.0,99100.0,0.0,2025-06-14,2678
Jaime Uhr Henry,J U Henry,Hawthorn,99100.0,0.0,,0.0,99100.0,0.0,99100.0,0.0,99100.0,0.0,2025-06-14,13964
Josh Lai,J Lai,Port Adelaide,99100.0,0.0,,0.0,99100.0,0.0,99100.0,0.0,97600.0,-1500.0,2025-06-14,13968
Ricky Mentha,R Mentha,Melbourne,99100.0,0.0,,0.0,99100.0,0.0,99100.0,0.0,99100.0,0.0,2025-06-14,11741
Harrison Ramm,H Ramm,Port Adelaide,99100.0,0.0,,0.0,99100.0,0.0,99100.0,0.0,97600.0,-1500.0,2025-06-14,10080
Ewan Mackinlay,E Mackinlay,Port Adelaide,99100.0,0.0,,0.0,99100.0,0.0,99100.0,0.0,97600.0,-1500.0,2025-06-14,6597
Mani Liddy,M Liddy,Port Adelaide,99100.0,0.0,,0.0,99100.0,0.0,99100.0,0.0,97600.0,-1500.0,2025-06-14,9993
Flynn Young,F Young,Carlton,99100.0,0.0,,0.0,99100.0,0.0,99100.0,0.0,97600.0,-1500.0,2025-06-14,5141
Michael Sellwood,M Sellwood,Western Bulldogs,99100.0,0.0,,0.0,99100.0,0.0,99100.0,0.0,97600.0,-1500.0,2025-06-14,7394
Zac Walker,Z Walker,Western Bulldogs,99100.0,0.0,,0.0,99100.0,0.0,99100.0,0.0,97600.0,-1500.0,2025-06-14,14554
Archie May,A May,Essendon,99100.0,0.0,,0.0,99100.0,0.0,99100.0,0.0,99100.0,0.0,2025-06-14,3299
Cooper Trembath,C Trembath,North Melbourne,99100.0,0.0,,0.0,99100.0,0.0,99100.0,0.0,97600.0,-1500.0,2025-06-14,9159
Matt Duffy,M Duffy,Carlton,99100.0,0.0,,0.0,99100.0,0.0,99100.0,0.0,97600.0,-1500.0,2025-06-14,13966
Blake Leidler,B Leidler,Sydney Swans,99100.0,0.0,,0.0,99100.0,0.0,99100.0,0.0,99100.0,0.0,2025-06-14,9343
Xavier Ivisic,X Ivisic,Geelong Cats,99100.0,0.0,,0.0,99100.0,0.0,99100.0,0.0,99100.0,0.0,2025-06-14,9214
Jayden Nguyen,J Nguyen,Essendon,99100.0,0.0,,0.0,99100.0,0.0,99100.0,0.0,99100.0,0.0,2025-06-14,8521
Joe Pike,J Pike,Geelong Cats,99100.0,0.0,,0.0,99100.0,0.0,99100.0,0.0,99100.0,0.0,2025-06-14,6503
Harry Charleson,H Charleson,Carlton,99100.0,0.0,,0.0,99100.0,0.0,99100.0,0.0,97600.0,-1500.0,2025-06-14,9199
Harry Boyd,H Boyd,St Kilda,99100.0,0.0,,0.0,99100.0,0.0,125000.0,25900.0,128200.0,3200.0,2025-06-14,9660
Aiden Riddle,A Riddle,Fremantle,99100.0,0.0,,0.0,99100.0,0.0,99100.0,0.0,97600.0,-1500.0,2025-06-14,7357
Josaia Delana,J Delana,GWS GIANTS,99100.0,0.0,,0.0,111700.0,12600.0,120100.0,8400.0,120100.0,0.0,2025-06-14,9175
Malakai Champion,M Champion,West Coast Eagles,99100.0,0.0,,0.0,99100.0,0.0,99100.0,0.0,99100.0,0.0,2025-06-14,8496
Lachlan Blakiston,L Blakiston,Essendon,99100.0,0.0,,0.0,99100.0,0.0,99100.0,0.0,99100.0,0.0,2025-06-14,7157
Oskar Smartt,O Smartt,Essendon,99100.0,0.0,,0.0,99100.0,0.0,99100.0,0.0,99100.0,0.0,2025-06-14,6376
Caleb Lewis,C Lewis,Gold Coast SUNS,99100.0,0.0,,0.0,99100.0,0.0,99100.0,0.0,99100.0,0.0,2025-06-14,5267
Roan Steele,R Steele,Collingwood,99100.0,0.0,,0.0,99100.0,0.0,99100.0,0.0,99100.0,0.0,2025-06-14,6220
Noah Howes,N Howes,Collingwood,99100.0,0.0,,0.0,99100.0,0.0,99100.0,0.0,99100.0,0.0,2025-06-14,10243
Zac Banch,Z Banch,North Melbourne,99100.0,0.0,,0.0,99100.0,0.0,99100.0,0.0,97600.0,-1500.0,2025-06-14,11960
Ben Jepson,B Jepson,Gold Coast SUNS,99100.0,0.0,,0.0,99100.0,0.0,99100.0,0.0,99100.0,0.0,2025-06-14,2691
Cillian Burke,C Burke,Geelong Cats,99100.0,0.0,,0.0,99100.0,0.0,99100.0,0.0,99100.0,0.0,2025-06-14,13963
Jacob Newton,J Newton,West Coast Eagles,99100.0,0.0,,0.0,99100.0,0.0,99100.0,0.0,99100.0,0.0,2025-06-14,10103
Benny Barrett,B Barrett,Port Adelaide,99100.0,0.0,,0.0,99100.0,0.0,99100.0,0.0,97600.0,-1500.0,2025-06-14,10185
Matt Hill,M Hill,Hawthorn,99100.0,0.0,,0.0,99100.0,0.0,99100.0,0.0,99100.0,0.0,2025-06-14,13965
Zak Evans,Z Evans,Gold Coast SUNS,99100.0,0.0,,0.0,99100.0,0.0,99100.0,0.0,99100.0,0.0,2025-06-14,13856
Tom Mc Carthy,T Mc Carthy,West Coast Eagles,99100.0,0.0,,0.0,99100.0,0.0,99100.0,0.0,99100.0,0.0,2025-06-14,12571
Oscar Adams,O Adams,Gold Coast SUNS,99100.0,0.0,,0.0,99100.0,0.0,99100.0,0.0,99100.0,0.0,2025-06-14,5695
Lachlan Gulbin,L Gulbin,Gold Coast SUNS,99100.0,0.0,,0.0,99100.0,0.0,99100.0,0.0,99100.0,0.0,2025-06-14,9266
